name,ph_seq,ph_dur,ph_num,note_seq,note_dur
Another_Life_seg000,SP d ow n w aa n ax t eh l y ax SP,0.8302084 0.048363 0.0714286 0.0197916 0.0523172 0.0580995 0.0476828 0.0744899 0.1336734 0.1411565 0.2925807 0.1026574 0.186926 0.2933462,1 1 3 2 2 3 1 1,rest rest G3-31 F#3+34 F#3+16 rest C4-40 F4-28 rest,0.830208 0.048363 0.143538 0.105782 0.091157 0.117006 0.536394 0.186926 0.293346
Another_Life_seg001,SP ax b aw ax l ay f ay l n eh v er n ow SP,0.2933462 0.0879038 0.064477 0.104273 0.090625 0.1163264 0.213882 0.0759142 0.1240854 0.0470028 0.0925812 0.0951736 0.0734696 0.1115648 0.2146256 0.6125856 0.9727888,1 1 1 1 2 2 3 2 2 1 1,rest G3-34 G3-34 G3-35 G3-35 C#4+28 C4+28 B3+38 A3+38 A3+37 G3-3 G3+5 rest,0.293346 0.087904 0.064477 0.104273 0.206951 0.289796 0.263669 0.168644 0.192776 0.133415 0.481914 0.130672 0.972789
Another_Life_seg002,SP d ow n w aa n ax t eh l y aa SP,0.9727888 0.0622448 0.0656464 0.0325248 0.05387 0.0540812 0.0503404 0.0697284 0.1292516 0.2210876 0.2142864 0.12585 0.1908796 0.219792,1 1 3 2 2 3 1 1,rest rest F#3+41 F#3+28 rest rest C4-34 C#4-15 D4+14 rest,0.972789 0.062245 0.152041 0.104421 0.19898 0.053652 0.20898 0.298592 0.19088 0.219792
Another_Life_seg003,SP ax b aw dx ax m uw v ih ng p ih k ch er sh ow dh ae t s ih n m ay m ay n ao l b l ae k ax n d w ay t AP sh ey k s y er s ow l ae n m ey k s y uw k r ay SP,0.219792 0.0708336 0.0538696 0.0727872 0.0295928 0.0427088 0.12906 0.2011488 0.0697912 0.0804208 0.1206208 0.0841416 0.0658584 0.069792 0.0697912 0.0604168 0.1372024 0.39864 0.0394544 0.1351192 0.0593752 0.0864592 0.0734696 0.0796552 0.0968752 0.0887736 0.0826552 0.4561216 0.0651576 0.1614576 0.0291672 0.1 0.05 0.1 0.1010208 0.069812 0.139584 0.0395832 0.0727888 0.2563784 0.05 0.2906248 0.1197912 0.1706208 0.0455768 0.0527232 0.0163264 0.0449616 0.1717048 0.2533992 0.074492 0.171236 0.069792 0.067476 0.102316 0.0691112 0.0571432 0.0204088 0.0748288 0.1087168 0.0895832 0.45 0.0598624,1 1 1 2 2 2 3 3 2 2 3 3 2 2 4 2 4 2 2 4 2 2 3 4 3 1 1,rest G3-28 G3-28 G3-33 G3-33 C4+8 D#4-32 C4+18 C#4-40 B3-18 B3-18 F#3+46 G3+2 G3-13 F#3+6 A3-4 A3+3 C#4-41 C4-23 C4+7 C4-33 A3+16 C4+32 rest A3-44 B3-8 C4+5 C4+20 C4+6 A#3+19 rest G3-32 rest rest,0.219792 0.070834 0.05387 0.10238 0.171769 0.124394 0.146546 0.285184 0.205441 0.197619 0.070789 0.22059 0.146715 0.280953 0.25 0.171429 0.149362 0.19737 0.174548 0.340625 0.201021 0.321768 0.306378 0.410416 0.285247 0.216667 0.327891 0.308504 0.248979 0.08553 0.187599 0.34646 0.10354 0.059862
Another_Life_seg005,SP w iy hh ae d ih t SP,0.0721728 0.0237456 0.0366704 0.1093744 0.1406256 0.0291664 0.1208336 0.039584 0.1098,1 1 2 2 2 1,rest rest rest C4+31 C4+31 rest,0.072173 0.023746 0.146044 0.169792 0.160418 0.1098
Another_Life_seg006,SP ow l SP,0.1098 1.1227888 0.2267872 0.1999984,1 1 1 1,rest C#4-46 C4-38 D4+20 D4+20 rest rest,0.1098 0.319769 0.325079 0.477941 0.148998 0.077789 0.199998
Another_Life_seg008,SP b ah t l ay dx ih t d ay SP,0.1265296 0.0268704 0.0901376 0.017688 0.1523776 0.137416 0.0401376 0.1023808 0.05 0.1149648 1.1048256 0.05708,1 1 3 2 3 1 1,rest rest F3+46 E4+2 E4+8 E4-11 D4-12 F4-20 D#4+20 D4+30 rest,0.12653 0.02687 0.260204 0.177554 0.140272 0.127074 0.232836 0.15093 0.359909 0.361151 0.05708
Another_Life_seg010,SP m ey b iy ih t s ax n ah dh er t ay m SP,0.0785696 0.0591856 0.2902864 0.0484896 0.2725632 0.128944 0.0593776 0.1166656 0.088096 0.19932 0.2959184 0.0431968 0.1370128 0.116048 3.030952 0.1321648 0.4208352,1 1 2 1 3 2 2 2 2 1,rest rest A#4-37 A#4-12 A#4-28 G#4+42 G4-12 G4+35 F#4-21 G4-28 G#4-45 G#4-37 D4+30 D4+22 C#4-7 D4+15 rest,0.07857 0.059186 0.164104 0.174672 0.272563 0.304988 0.287416 0.339115 0.253061 0.307051 0.301859 1.079728 0.12771 0.15093 0.905578 0.290261 0.420835
Another_Life_seg011,SP m ey b iy ih t s ax n ah dh er d ey SP,0.4208352 0.0436 0.2657728 0.0519136 0.291384 0.1483696 0.059376 0.086584 0.093624 0.1869888 0.2921792 0.0544224 0.1469376 0.1382224 1.430208 0.1221568,1 1 2 1 3 2 2 2 1 1,rest rest A#4+24 A#4-28 G4+18 F4+8 F#4-47 F#4+25 F#4-17 F4+17 G4+32 G4+38,0.420835 0.0436 0.317687 0.291384 0.29433 0.280613 0.127877 0.218724 0.28516 0.285594 1.144614 0.122157
Another_Life_seg012,SP ey AP SP,0.1221568 1.437216 0.3297952 0.180624,1 1 1 1,rest D4-1 D4-21 C#4-18 D#4-43 rest rest rest,0.122157 0.377072 0.301859 0.417959 0.290249 0.050077 0.329795 0.180624
Another_Life_seg013,SP m ey b iy ih t s ax n ah dh er l ay f ao r y uw SP,0.180624 0.0654048 0.2752192 0.0666176 0.2426304 0.140752 0.0697888 0.0921792 0.0945568 0.1826528 0.2910272 0.0474112 0.1328 0.1416896 4.0676864 0.2156448 0.224832 0.0595232 0.159376 1.590624 0.5125856,1 1 2 1 3 2 2 2 2 3 1 1,rest rest B4-30 A#4-35 G4+14 F#4-33 F4-19 G4-46 E4-22 F4+3 G4+22 A4+11 A#4+35 C#4+38 E4+18 F#4-28 D#4+40 D#4-23 E4+30 D4+43 D4+43 E4-13 D#4-16 rest rest,0.180624 0.065405 0.341837 0.24263 0.30272 0.27721 0.122091 0.216347 0.27449 0.252202 1.451247 0.336689 0.568889 0.10449 0.17415 0.441179 0.954485 0.194903 0.16254 0.086288 0.111082 0.301859 1.177683 0.227125 0.285461
Another_Life_seg014,SP ae n m iy SP,0.5125856 0.0478336 0.2 0.0388992 1.8687072 0.4944736,1 1 2 1 1,rest rest B3-17 B3-24 A#3+12 F#3+20 G#3+39 G#3+13 rest,0.512586 0.047834 0.238899 0.419728 0.684989 0.15093 0.17415 0.43891 0.494474
Another_Life_seg015,SP w ah t ih f dx ax m aa r ow SP,0.4944736 0.0528064 0.0602016 0.0312928 0.0463264 0.1093728 0.05 0.030208 0.0940256 0.4653504 0.0747872 0.3647968 0.720832,1 1 2 3 2 2 1 1,rest rest rest rest rest G#3+34 C4+17 C4-15 D4+42 rest rest,0.494474 0.052806 0.091495 0.205699 0.124234 0.11102 0.18576 0.243357 0.313922 0.050875 0.720832
Another_Life_seg016,SP w ah t ih f t ax m aa r ow SP,0.720832 0.0477024 0.0734688 0.0382048 0.0393472 0.0814848 0.059376 0.0208352 0.0866048 0.5034016 0.0962592 0.2731104 0.2604128,1 1 2 3 2 2 1 1,rest rest G3+8 G3+8 rest rest C#4+40 D#4+4 rest,0.720832 0.047702 0.111674 0.07181 0.108398 0.10744 0.599661 0.27311 0.260413
Another_Life_seg017,SP w aa z ax d ey w iy k uh d f er g eh t SP,0.2604128 0.0395872 0.0510368 0.079168 0.0334176 0.1316288 0.2755808 0.0781664 0.1870752 0.1081632 0.084352 0.0605472 0.1244864 0.1061664 0.1 0.1406272 0.0865408 0.2095264,1 1 2 2 2 2 3 2 2 1,rest rest G3+32 D4+6 C#4-3 E4-43 D4-2 D4-31 D4-34 A#3+42 A#3+40 G3-13 rest rest,0.260413 0.039587 0.130205 0.165047 0.147787 0.20596 0.295238 0.125741 0.143644 0.111776 0.09439 0.17264 0.054528 0.209526
Another_Life_seg018,SP ay m ey k y uw l ay dx ah p ih n dh ax d aa r k SP,0.2095264 0.1435168 0.124512 0.1921792 0.1329888 0.0418368 0.0459168 0.0768768 0.446256 0.0523808 0.131968 0.1799296 0.10536 0.05 0.029168 0.1484704 0.1547616 0.2082208 0.0697984 0.0895808 0.2604192,1 1 1 3 2 2 2 3 2 3 1,rest G#3+6 G#3+6 G#3+15 rest rest C4+6 G#3+45 D#4-42 E4-28 D#4+32 D#4+32 C4+19 C4+19 C4+16 C4+16 rest rest,0.209526 0.143517 0.124512 0.207435 0.15957 0.122794 0.112375 0.10449 0.281772 0.240677 0.071221 0.114539 0.069989 0.173821 0.129411 0.091179 0.276421 0.260419
Another_Life_seg019,SP p ay n t dh ax s g ay ae n l iy v ow er m aa r k SP,0.2604192 0.0414848 0.0791328 0.0591872 0.0319712 0.1244896 0.0845664 0.1201952 0.1485536 0.309376 0.1046528 0.0557664 0.1197888 0.1271712 0.087408 0.1411616 0.0640512 0.119792 0.2812512 0.059376 0.0895808 0.2906304,1 1 4 3 1 3 2 1 2 3 1,rest rest C5+39 C4-37 C4-30 C#4-34 C#4-15 D4-17 D4+24 B3+27 B3+27 A3-43 rest rest,0.260419 0.041485 0.294781 0.192793 0.160522 0.118118 0.191258 0.280208 0.214579 0.141162 0.183843 0.335707 0.094501 0.29063
Another_Life_seg020,SP s ow dh ae t eh v r iy w ah n k uh d s iy AP w ah w ih l n eh v er b iy SP,0.2906304 0.1160672 0.1554336 0.0353824 0.1768704 0.1163264 0.309296 0.0675712 0.0639488 0.1893056 0.069792 0.0932768 0.086928 0.0593824 0.0958752 0.0717664 0.1219392 0.3604128 0.2500032 0.0499968 0.133632 0.0861632 0.1036352 0.10544 0.1850368 0.432992 0.0833088 0.160416 0.0773632 0.4018048 0.4,1 1 2 2 3 2 3 3 1 2 2 3 2 2 1 1,rest rest C#4+28 D#4-30 D4+19 E4+6 D#4+20 E4-32 D4+8 D#4+2 rest rest D4+25 D#4-8 D#4+28 D5+12 B4+20 A#4+14 G#4+27 rest rest,0.29063 0.116067 0.190816 0.293196 0.119359 0.321457 0.259098 0.239587 0.28958 0.260255 0.100158 0.3 0.219795 0.215966 0.178146 0.158544 0.357757 0.237779 0.344872 0.056933 0.4
Another_Life_seg021,SP m ey b iy ih t s ax n ah dh er t ay ay m SP,0.4 0.0594176 0.2812096 0.0500032 0.2681088 0.1299328 0.0717504 0.1 0.0959488 0.2040448 0.3000064 0.0499968 0.130208 0.1291712 1.423296 1.3374144 0.0497024 0.0965568,1 1 2 1 3 2 2 2 1 2 1,rest rest B4+8 A#4+44 G#4+26 F#4+22 F4+45 G4-13 F#4+24 G4-30 G#4+12 G#4+25 D4-39 E4-17 C#4+41 D#4-42 D#4-42,0.4 0.059418 0.331213 0.268109 0.301683 0.299994 0.127519 0.222484 0.259379 0.319225 0.940408 0.163663 0.184637 0.13932 0.917188 0.145971 0.096557
Another_Life_seg023,SP m ey b iy ih t s ax n ah dh er d ey ey SP,0.1336512 0.0500032 0.3104128 0.0324608 0.2591872 0.1115584 0.0863808 0.1 0.1 0.1895808 0.3 0.0499968 0.1192896 0.1609216 1.4659392 1.5214272 0.4428416,1 1 2 1 3 2 2 2 1 1 1,rest rest G#4-27 A#4+16 A#4+16 G#4+37 F#4-42 F4+49 F#4+33 F#4-10 F#4-21 F4-4 G#4-26 G#4+13 G#4+38 C#4-6 E4+16 D4-10 E4+27 rest rest,0.133651 0.050003 0.141426 0.201448 0.259187 0.297939 0.289581 0.136062 0.213935 0.134365 0.145847 0.248893 0.290249 0.789478 0.137319 0.222591 0.13932 0.998458 0.161058 0.338171 0.104671
Another_Life_seg024,SP m ey b iy ih t s ax n ah dh er SP,0.4428416 0.0527296 0.2972672 0.0517312 0.2340032 0.1361408 0.0791744 0.0791616 0.0915776 0.1980096 0.2895808 0.0499968 0.2208384 0.0499968,1 1 2 1 3 2 2 1 1,rest rest A#4+11 A#4-7 G#4+11 G#4-10 F4+6 G4-16 F#4-21 F#4-21,0.442842 0.05273 0.348998 0.234003 0.105645 0.188832 0.289588 0.339578 0.220838 0.049997
Another_Life_seg025,SP t ay m SP,0.0499968 0.069792 0.790624 0.079168 0.7,1 1 2 1,rest rest F4+47 G#4-46 D#4+3 rest rest,0.049997 0.069792 0.28656 0.394739 0.12771 0.060783 0.7
Another_Life_seg027,SP m ey b iy ih t s ax n ah dh er t ay SP,0.2631808 0.0487296 0.2721088 0.035712 0.2520384 0.1414144 0.1291584 0.0500032 0.0708352 0.1875008 0.2916608 0.0500032 0.1010432 0.139584 1.3895808 0.1197888,1 1 2 1 3 2 2 2 1 1,rest rest A#4+24 A#4-2 A#4-2 G#4+25 F#4-5 F#4+16 G4+3 F#4+4 F#4+7 F#4+11 G#4-17 G#4+4,0.263181 0.04873 0.140878 0.166943 0.252038 0.320575 0.258336 0.116666 0.224998 0.240627 0.103265 0.22059 1.065726 0.119789
Another_Life_seg028,SP ay m SP,0.1197888 1.2604224 0.239584 0.2787456,1 1 1 1,rest D4+25 D4-23 C#4+20 rest rest,0.119789 0.34461 0.1161 0.799712 0.239584 0.278746
Another_Life_seg030,SP m ey b iy ih t s ax n ah dh er d ey SP,0.1286144 0.0540416 0.2761664 0.050016 0.2506816 0.1888832 0.1197952 0.05664 0.0746048 0.1791744 0.3197888 0.0499968 0.1302144 0.1197888 3.069792 0.0460928,1 1 2 1 3 2 2 2 1 1,rest rest G#4+43 A#4+45 A#4-33 G#4+32 rest F#4-5 F#4-4 G#4+9 F#4-12 F#4-16 G#4+10 C#4+14 C#4+14 D#4+20 C#4-24 A#3+2 E4-43 D4+8 D4+8,0.128614 0.054042 0.142424 0.183758 0.250682 0.21572 0.149598 0.253779 0.153903 0.215883 0.250003 0.265544 1.323537 0.12771 0.16254 0.13932 0.592109 0.1161 0.1161 0.226832 0.046093
Another_Life_seg032,SP m ey b iy ih t s ax n ah dh er l ay f f ao r y uw SP,0.165312 0.057184 0.290624 0.0440256 0.2351424 0.160416 0.0499968 0.1197952 0.130208 0.139584 0.320832 0.0433472 0.1472832 0.1291648 3.7929344 0.1164352 0.1128256 0.1581504 0.1000128 0.1488 1.2500032 0.430208,1 1 2 1 3 2 2 2 3 3 1 1,rest rest A#4+28 A#4+28 G4+22 F4+44 F4+43 G4+21 F#4-43 F#4-40 G#4-26 A4+35 B4-40 A#4+45 F4+37 F#4-14 D#4+37 E4-40 E4-37 D4+40 D4+40 F4-43 D#4+10 rest rest rest,0.165312 0.057184 0.33465 0.235142 0.330208 0.269792 0.117009 0.24717 0.276448 0.231031 1.149388 0.336689 0.592109 0.15093 0.25542 0.336689 0.708209 0.26173 0.353598 0.053365 0.120785 0.12771 0.928798 0.07271 0.217539 0.212669
Another_Life_seg033,SP ae n m iy AP m ey b iy ih t s ax n ah dh er t ay m AP SP,0.430208 0.1048896 0.0763584 0.1156992 1.0228416 0.3802112 0.054432 0.2955712 0.0197888 0.2446144 0.166848 0.1098048 0.0693568 0.0802112 0.209376 0.3 0.0499968 0.0968256 0.1531776 3.1631552 0.2566336 0.322624 0.1231232,1 1 2 1 2 2 1 3 2 2 2 2 1 1,rest E4-28 E4-28 E4+1 D#4+1 rest A#4-7 A#4-7 A#4-7 rest F#4+8 F#4-4 G#4+31 F#4-32 F#4-36 G4-28 G#4+16 D4-21 D#4 D4-42 F4-45 rest rest,0.430208 0.10489 0.192057 0.526722 0.49612 0.434643 0.31536 0.244614 0.14627 0.19974 0.289587 0.160832 0.189165 0.112695 0.137309 0.28065 1.230658 0.17415 0.19737 1.242268 0.294693 0.322624 0.123123
Another_Life_seg034,SP m ey b iy ih t s ax n ah dh er d ey SP,0.1231232 0.064672 0.2890752 0.038784 0.2452288 0.1373376 0.0697792 0.0895872 0.1104128 0.1619328 0.2880704 0.039584 0.1406272 0.139584 2.6104128 0.4697984,1 1 2 1 3 2 2 2 1 1,rest rest G#4+12 B4-15 A#4-24 G4+21 F#4-18 F#4-14 G#4-13 F#4-9 F#4-12 G#4-9 A4+37 B4-28 rest rest rest,0.123123 0.064672 0.160505 0.167354 0.245229 0.296704 0.272346 0.132926 0.194728 0.280211 0.24488 1.184218 0.394739 0.731429 0.055147 0.339592 0.130206
Another_Life_seg035,SP m ey b iy ih t s ax n ah dh er l ay f AP SP,0.4697984 0.0581696 0.2616256 0.0462144 0.228224 0.166176 0.069792 0.0895872 0.110432 0.1568704 0.3233088 0.039584 0.1456192 0.097952 3.6064384 0.0850496 0.1496704 0.195488,1 1 2 1 3 2 2 2 2 1 1,rest rest A#4+15 A#4-35 G4+41 F#4-38 F4+42 G4-10 F#4-45 G4-7 G#4-38 A#4-36 B4-31 B4-36 F4-27 F#4-45 E4+1 rest rest,0.469798 0.05817 0.30784 0.228224 0.325555 0.267302 0.131048 0.231845 0.243571 0.302453 1.010068 0.313469 0.638549 0.1161 0.18576 0.383129 0.74196 0.14967 0.195488
Another_Life_seg036,SP f ao r y uw SP,0.195488 0.0728704 0.1693952 0.0973184 0.1197952 1.0999936 0.569792,1 1 3 1 1,rest rest B4-36 B4-36 A#4+44 rest rest,0.195488 0.07287 0.386508 0.123002 0.917188 0.059804 0.569792
Another_Life_seg037,SP ae n m iy SP,0.569792 0.1302144 0.1000064 0.1107712 2.1544192 0.2636032,1 1 2 1 1,rest D#4-27 D#4-27 D#4-27 D#4-23 C#4+26 B3-20 rest rest,0.569792 0.130214 0.210777 0.261825 0.975238 0.603719 0.25542 0.058217 0.263603
Another_Life_seg038,SP s w iy dx ax s d ey z dh ae dx ay eh v er hh ae d SP,0.2636032 0.0955776 0.1673472 0.248896 0.0327296 0.048512 0.079168 0.0934272 0.256448 0.0619136 0.1251584 0.0163328 0.058496 0.1643008 0.2426752 0.063104 0.0379392 0.109376 0.35104 0.0593792 0.3406208,1 2 2 3 3 2 1 2 2 2 1,rest rest rest F#3+39 G#3+31 rest G#3-47 rest rest rest G3+7 rest G3+33 rest rest,0.263603 0.262925 0.077191 0.204435 0.120645 0.100462 0.282668 0.160852 0.074829 0.164301 0.305779 0.147315 0.342751 0.067668 0.340621
Another_Life_seg039,SP l ah v s ow g uh d ih hh er t s ow b ae d AP SP,0.3406208 0.0593792 0.1104128 0.079168 0.1000064 0.2510336 0.0846336 0.3153664 0.1197952 0.0543104 0.1550592 0.1510528 0.0593664 0.079168 0.0842496 0.0761728 0.3802112 0.0499968 0.2868224 0.0775424,1 1 3 2 2 2 3 2 2 1 1,rest rest F#3+44 F#3+44 G3-32 G#3-19 rest rest G3+32 G3+26 G#3-30 G#3+33 rest rest,0.340621 0.059379 0.289587 0.076671 0.258997 0.321501 0.11366 0.209369 0.16459 0.124997 0.160423 0.430208 0.286822 0.077542
Another_Life_seg040,SP l ay f ih z k ow l d b ah t ay ey n m ae n aa l ae t dh ae t n er ae m ah d AP l ay f ih z k ow b ah t ay ey n m ae d n ax t SP,0.0775424 0.0647936 0.2010496 0.079168 0.0510336 0.0895872 0.079168 0.3010432 0.0197888 0.0197888 0.0697984 0.1604096 0.186816 0.2816384 0.0909184 0.0500096 0.0697856 0.3000064 0.1999872 0.1302144 0.0197888 0.0812544 0.0197888 0.0291712 0.1802112 0.0697856 0.1000064 0.030208 0.260416 0.0670848 0.1225088 0.0706816 0.2095104 0.0395904 0.2010368 0.0593792 0.0445696 0.0856448 0.1197696 0.28064 0.0932096 0.1261568 0.2093824 0.2542464 0.105792 0.0816256 0.0455808 0.3335936 0.0470144 0.1370752 0.1159168 0.0291584 0.3906176,1 1 2 3 4 2 1 3 2 2 3 3 1 2 2 2 2 3 2 2 1 3 3 2 1,rest rest G#3+41 G#3+37 B3+15 A3-38 rest D4-27 C#4-19 C#4-19 C#4-42 rest G#3+30 G#3+30 B3-22 rest rest G3+30 B3-18 rest rest G#3+9 G#3+1 A#3-34 G#3-16 rest D#4+23 C#4+28 B3-13 C#4+43 rest rest rest rest rest,0.077542 0.064794 0.280218 0.219789 0.410419 0.143066 0.20416 0.17897 0.102668 0.210714 0.301946 0.198047 0.150003 0.130214 0.171895 0.178108 0.030208 0.327501 0.114342 0.078849 0.2491 0.260416 0.249985 0.37385 0.169387 0.166152 0.254246 0.232999 0.147692 0.18576 0.184231 0.094408 0.050667 0.158313 0.232305
Another_Life_seg041,SP n aa dx ax dh ae t n aa dx ah ae t SP,0.3906176 0.0728064 0.0870912 0.0203136 0.079168 0.0499968 0.1500032 0.1208192 0.0769792 0.0928256 0.0499968 0.1593728 0.1277312 0.0571392 0.1057536,1 1 2 2 3 2 1 2 1,rest rest G#3-43 G#3-43 A#3+30 rest G3+31 G3+31 A#3+16 A#3+16 rest rest,0.390618 0.072806 0.107405 0.129165 0.135925 0.211876 0.142823 0.098091 0.061282 0.112868 0.072002 0.105754
Another_Life_seg042,SP ay m n aa l ih n SP,0.1057536 0.1104256 0.0198016 0.1640192 0.0953472 0.0406272 0.1791616 0.1000064 0.0753408,1 1 2 2 2 1,rest G3-32 G3-32 G3 G3 rest,0.105754 0.110426 0.183821 0.135974 0.279168 0.075341
Another_Life_seg043,SP ay ax dh ah t SP,0.0753408 0.1954944 0.1499776 0.0429568 0.187264 0.0994688 1.4307328,1 1 1 1 2 1,rest G3-39 G3+6 G3+6 G#3-18 rest rest,0.075341 0.195494 0.149978 0.042957 0.20961 0.077123 1.430733
Another_Life_seg044,SP k ax z ay n ow dh ae t SP,1.4307328 0.0702848 0.09952 0.0736128 0.2098688 0.1040768 0.3124352 0.05728 0.1020928 0.0395904 0.12704,1 1 2 2 2 2 1,rest rest A3+31 B3-14 A3-9 B3+30 G3-10 rest,1.430733 0.070285 0.173133 0.313946 0.171359 0.198356 0.141683 0.12704
Another_Life_seg045,SP w ah w iy hh ow l d ih z dh ax g r ey dx ax s d ao r iy n eh v er t ow t AP SP,0.12704 0.0635648 0.119808 0.0690048 0.150784 0.1488768 0.2917504 0.079168 0.0831616 0.0574592 0.0999936 0.0299648 0.0639488 0.1442176 0.045568 0.1558912 0.0465024 0.0451712 0.129152 0.0477824 0.4122368 0.0748288 0.174528 0.1911296 0.1030656 0.0775424 0.0980736 0.1883136 0.3325056 0.0593792 0.2744448 0.1057664,1 1 2 2 3 3 3 2 3 2 2 2 2 2 1 1,rest rest D#4-22 C#4+18 C#4+18 C#4+10 C#4+28 D4-47 G3+34 G3+34 rest D4-19 D4-32 C4+44 D#4-5 rest G#3-20 G#3+6 rest G#3-34 rest rest,0.12704 0.063565 0.099645 0.089168 0.119812 0.179849 0.168451 0.17415 0.111479 0.187418 0.253735 0.202393 0.222105 0.487066 0.137982 0.227676 0.180608 0.079336 0.207052 0.391885 0.274445 0.105766
Another_Life_seg046,SP w ow SP,0.1057664 0.0500096 2.8999936 0.3697792,1 1 1 1,rest rest A4+26 G#4+2 G#4+8 B4-39 A#4+25 rest,0.105766 0.05001 0.343453 0.20898 1.079728 0.452789 0.815044 0.369779
Another_Life_seg047,SP k ax z m ey b iy ih t s ax n ah dh er t ay ay m SP,0.3697792 0.0754688 0.0857216 0.1312896 0.3411584 0.2431872 0.0306304 0.3112192 0.1532032 0.0593792 0.0880896 0.1004544 0.169792 0.3062784 0.0479744 0.095744 0.1500032 1.6104064 1.4251264 0.0852992 0.0490624,1 1 3 2 1 3 2 2 2 1 2 1,rest rest rest B4-40 A#4+40 G#4-17 F#4-14 G#4-24 F#4-8 F#4+21 G#4+2 C4-9 D4+44 C4-31 C#4+38 E4-45 E4-45,0.369779 0.075469 0.55817 0.273817 0.311219 0.300672 0.270246 0.354252 0.245747 0.305661 1.304745 0.192942 0.12771 0.13932 0.847528 0.202925 0.049062
Another_Life_seg049,SP m ey b iy ih t s ax n ah dh er d ey SP,0.142976 0.0689152 0.2706688 0.053824 0.2461696 0.1698048 0.0697728 0.0895872 0.0812544 0.1791616 0.2895872 0.0569728 0.1336576 0.139584 3.080192 0.111872,1 1 2 1 3 2 2 2 1 1,rest rest G#4+24 B4-14 A#4+6 G4+5 F#4-6 G4+21 F#4-18 F#4+33 G#4+8 C#4-15 C#4-11 E4-30 C#4+15 D#4-9 rest rest,0.142976 0.068915 0.124799 0.199694 0.24617 0.329165 0.260416 0.34656 0.273242 0.23718 1.393197 0.16254 0.16254 0.13932 0.603719 0.267029 0.114667 0.111872
Another_Life_seg051,SP m ey b iy ih t s ax n ah dh er l ay f SP,0.197952 0.0619008 0.3005312 0.0436864 0.2354944 0.15104 0.0697856 0.0791808 0.1104128 0.1745024 0.2952832 0.0395904 0.2208256 0.110976 3.4210688 0.235392 0.173184,1 1 2 1 3 2 2 2 2 1,rest rest A4+16 B4+23 A#4+5 G#4-47 F#4-12 F4+31 G#4-15 F4+28 F#4-13 G#4-15 A#4-28 B4-11 F#4-24 E4-18 rest rest rest,0.197952 0.061901 0.158106 0.186111 0.235494 0.300007 0.284915 0.119641 0.215232 0.331802 0.230835 1.010068 0.417959 0.684989 0.568889 0.499229 0.244492 0.115417 0.057767
Another_Life_seg052,SP f ao r y uw SP,0.173184 0.0696832 0.1605248 0.079168 0.1093888 1.260416 0.3571456,1 1 3 1 1,rest rest E4-17 D#4+15 D#4+8 rest rest,0.173184 0.069683 0.349082 0.13948 1.056508 0.064428 0.357146
Another_Life_seg053,SP ae n m iy SP,0.3571456 0.1136768 0.0895744 0.1004928 0.8984832 0.0906368,1 1 2 1 1,rest D#4+30 D#4+30 D#4-15 F4-8 D#4-24 D#4-20 D#4-20,0.357146 0.113677 0.190067 0.209858 0.17415 0.464399 0.050076 0.090637
Another_Life_seg055,SP m ey b iy ih t s ax n ah dh er t ay m SP,0.1365248 0.0709632 0.2686208 0.0633344 0.2530688 0.1335936 0.0697984 0.1248512 0.1053568 0.1817216 0.318272 0.0500096 0.0987136 0.1605504 2.8303104 0.0895872 0.5604096,1 1 2 1 3 2 2 2 2 1,rest rest B4-35 A#4+28 G#4-42 rest F4-10 F#4+25 G#4-10 F#4+18 F#4+13 G4-39 G#4-5 C#4+24 D#4+12 C#4+27 E4+40 rest rest,0.136525 0.070963 0.331955 0.253069 0.182727 0.145516 0.287079 0.136294 0.231988 0.104702 0.154562 0.263398 1.079728 0.267029 0.15093 0.940408 0.218404 0.350485 0.209925
Another_Life_seg056,SP m ey b iy ih t s ax n ah dh er d ih ey SP,0.5604096 0.0395904 0.2812544 0.0338816 0.2857216 0.1293568 0.0499968 0.1080448 0.1221504 0.1458816 0.2843392 0.0500096 0.1051136 0.174144 0.4103168 2.5500032 0.1328896,1 1 2 1 3 2 2 2 1 1 1,rest rest B4-40 A#4+20 G4+28 F#4+16 F4+32 G4-10 F#4-37 F#4-21 G#4-6 G#4-6 A#4-28 A#4+45 B4-39,0.56041 0.03959 0.315136 0.285722 0.287399 0.268032 0.112917 0.221432 0.279258 0.253959 0.156358 1.387769 0.290249 0.871985 0.13289
Another_Life_seg058,SP m ey b iy ih t s ax n ah dh er l ay f SP,0.156288 0.0634368 0.2875904 0.0556032 0.2448896 0.175168 0.0632832 0.060032 0.1104128 0.1574528 0.3029632 0.0697984 0.1302016 0.139584 3.927168 0.2816384 0.212032,1 1 2 1 3 2 2 2 2 1,rest rest G#4+20 A#4+41 A4+33 G4+25 F#4-8 F#4+21 G4+14 F#4-2 F#4-17 G#4-35 G#4-35 A#4-42 A#4+36 F4-17 F#4+3 E4+22 E4+10 rest rest rest,0.156288 0.063437 0.140185 0.203008 0.24489 0.298483 0.267866 0.135141 0.23762 0.269786 0.270462 1.311927 0.17415 0.325079 0.719819 0.18576 0.359909 0.336689 0.24381 0.281201 0.101928 0.110104
Another_Life_seg059,SP f ao r y uw SP,0.212032 0.0866048 0.1578112 0.1149568 0.139584 1.6 0.3801984,1 1 3 1 1,rest rest A#4+8 A#4+12 A#4+12 A#4+30 A#4-15 rest rest,0.212032 0.086605 0.154152 0.2582 0.124929 0.16254 1.253878 0.058653 0.380198
Another_Life_seg060,SP ae n m iy iy SP,0.3801984 0.090624 0.109376 0.1292032 1.1812992 1.24992 3.0603904,1 1 2 1 1 1,rest F4-38 F4-38 D4-6 D#4+22 D#4-39 C#4-31 B3+5 B3-43 rest rest rest,0.380198 0.090624 0.238579 0.265836 0.290249 0.625214 0.640274 0.348299 0.20898 0.052367 0.702282 2.358108
Another_Life_seg061,SP m ey b iy ih t s ax n ah dh er t ay m SP,3.0603904 0.0458112 0.1531776 0.037312 0.1033088 0.109376 0.0500096 0.0628096 0.0475904 0.1071616 0.2428544 0.0395776 0.1010176 0.146496 0.36288 0.0527616 0.197248,1 1 2 1 3 2 2 2 2 1,rest rest G#4+19 G#4+19 G#4+19 G4-42 B4-43 A#4-30 G4+33 rest,3.06039 0.045811 0.19049 0.103309 0.222196 0.154752 0.282432 0.247514 0.415642 0.197248
Another_Life_seg062,SP m ey iy ih t s ah n ah dh er p l ey s SP,0.197248 0.0701056 0.149696 0.1197952 0.090624 0.0697984 0.0544128 0.0455552 0.1044608 0.2559744 0.0334848 0.0675584 0.109376 0.0424576 0.2971136 0.1396096 1.1499776,1 1 1 1 3 2 2 3 2 1,rest rest A4-45 A4-45 A4-45 G4-22 A#4+28 A4+38 G4+37 rest rest,0.197248 0.070106 0.149696 0.119795 0.214835 0.150016 0.289459 0.219392 0.319339 0.117385 1.149978
Another_Life_seg063,SP m ey b iy ih t s ax n ah dh er t ay m SP,1.1499776 0.076224 0.1436032 0.0203392 0.1192192 0.041664 0.0593664 0.0697984 0.0500096 0.1021184 0.2582912 0.0395904 0.0603904 0.0951296 0.3404544 0.0745216 0.2086912,1 1 2 1 3 2 2 2 2 1,rest rest G4 G4 G4 F#4+19 A4-15 A4+13 A4+13 G4+27 rest rest,1.149978 0.076224 0.163942 0.119219 0.170828 0.152128 0.129768 0.168113 0.15552 0.349745 0.065231 0.208691
Another_Life_seg064,SP m ey b iy ih t s ax n ah dh er p l ey s SP,0.2086912 0.0651136 0.1659904 0.029312 0.038016 0.0630016 0.0395776 0.0791808 0.0802304 0.1077504 0.2234624 0.041152 0.0588544 0.1093376 0.043712 0.2865408 0.129152 1.280192,1 1 2 1 3 2 2 3 2 1,rest rest G#4-35 G#4-35 G#4-41 G4-11 A#4+3 A4+18 G4+47 rest rest,0.208691 0.065114 0.195302 0.038016 0.181761 0.18798 0.264614 0.211904 0.306845 0.108848 1.280192
Another_Life_seg065,SP m ey b iy ih t s ax n ah dh er t ay m SP,1.280192 0.067392 0.152448 0.0189952 0.0809728 0.090624 0.0396032 0.0698112 0.056384 0.0898048 0.2350592 0.0291072 0.0650752 0.1040896 0.320448 0.0499968 0.2708352,1 1 2 1 3 2 2 2 2 1,rest rest G4-8 G#4-11 G#4-11 G4-38 A4+40 A4+40 G4+21 rest,1.280192 0.067392 0.171443 0.080973 0.200038 0.146189 0.264166 0.169165 0.370445 0.270835
Another_Life_seg066,SP m ey b iy ih t s ax n ah dh er p l ey s SP,0.2708352 0.0757248 0.1836544 0.0262016 0.0738048 0.0802048 0.0395904 0.0771584 0.05408 0.0901376 0.1994752 0.039552 0.0802048 0.109376 0.0584704 0.3415552 0.189568 1.64064,1 1 2 1 3 2 2 3 2 1,rest rest G#4-5 G#4-5 G#4-5 F#4+28 A4+27 A4+27 A4+20 G#4-22 C5-30 C5-30 rest,0.270835 0.075725 0.209856 0.073805 0.196953 0.144218 0.239027 0.078288 0.169763 0.399126 0.131997 0.076983 1.563657
Another_Life_seg067,SP m ey b iy ih t s ax n ah dh er t ay m SP,1.64064 0.0790272 0.140736 0.0315776 0.0882304 0.0718592 0.0291712 0.079168 0.0481408 0.0979712 0.2247424 0.0500864 0.0488576 0.11552 0.3179136 0.0557952 0.2211712,1 1 2 1 3 2 2 2 2 1,rest rest G#4-16 G#4-16 G#4-16 G4+26 A#4+16 A4-9 A4-9 G#4-40 rest,1.64064 0.079027 0.172314 0.08823 0.180198 0.146112 0.224455 0.050373 0.164378 0.373709 0.221171
Another_Life_seg068,SP m ey b iy ih t s ax n ah dh er p l ey s SP,0.2211712 0.0717952 0.167808 0.0197888 0.0802048 0.0614528 0.0396032 0.0724224 0.0567424 0.095616 0.2345856 0.019776 0.0614528 0.121408 0.0446464 0.2631296 0.0895872 0.5624832,1 1 2 1 3 2 2 3 2 1,rest rest G#4-47 G#4-33 G#4-33 F#4+9 A#4+12 A#4+12 A#4-11 G4+21 rest rest,0.221171 0.071795 0.187597 0.080205 0.173478 0.152358 0.254362 0.054862 0.172645 0.291754 0.060963 0.562483
Another_Life_seg070,SP m ey b iy ih t s ax n ah dh er t ay m SP,0.1923456 0.059392 0.260416 0.059712 0.2392448 0.15104 0.0697856 0.098688 0.1012992 0.1680768 0.2913152 0.0499968 0.1010432 0.1791744 3.230208 0.0895744 0.088192,1 1 2 1 3 2 2 2 2 1,rest rest A#4+10 A#4-18 G4-7 F#4+13 G#4+18 F4-18 F#4+21 G#4+13 G#4-37 G#4-21 D4-35 D4-22 D#4-42 C#4-30 D4+44 D4+44,0.192346 0.059392 0.320128 0.239245 0.319514 0.269376 0.341312 0.280217 0.323684 0.24381 0.267029 1.021678 0.1161 0.13932 0.17415 0.870748 0.163263 0.088192
Another_Life_seg072,SP m ey b iy ih t s ax n ah dh er d ey SP,0.1778304 0.067968 0.2914048 0.02176 0.2736896 0.1149824 0.0697856 0.084608 0.0653824 0.1881344 0.292096 0.0291584 0.139584 0.1450624 3.0049408 0.1347456,1 1 2 1 3 2 2 2 1 1,rest rest A#4-8 A#4-8 G4+30 E4+38 F4-36 G4+44 F#4-30 F#4-30 F#4-34 F4+23 G#4-44 C#4-34 D4+23 C#4-34 D4+33 D4+28,0.17783 0.067968 0.313165 0.27369 0.269376 0.253516 0.118923 0.12771 0.074621 0.145969 0.138677 0.267673 1.439637 0.17415 0.16254 0.557279 0.403662 0.134746
Another_Life_seg074,SP m ey b iy ih t s ax n ah dh er l ay f ao r y uw SP,0.1274368 0.0553216 0.2853248 0.060032 0.2899456 0.1604224 0.0499968 0.0865024 0.2228736 0.0728064 0.2969728 0.0395904 0.2028928 0.087744 3.9104 0.177408 0.1819648 0.0698112 0.2674432 1.223168 0.813568,1 1 2 1 3 2 2 2 2 3 1 1,rest rest B4-9 A#4+16 G#4-45 F#4+14 F#4-18 G#4-12 F#4-32 F#4+5 G#4-44 A4+28 A#4+44 F4-22 F#4-26 E4-13 E4+8 E4-28 E4 D#4+31 rest rest rest,0.127437 0.055322 0.345357 0.289946 0.296921 0.29568 0.168293 0.16827 0.290637 0.284131 1.439637 0.301859 0.580499 0.267029 0.313469 0.901184 0.341083 0.178136 0.228214 0.870748 0.124206 0.073164 0.740404
Another_Life_seg075,SP ae n m iy SP,0.813568 0.1166592 0.0895744 0.1211904 0.9918464 0.506752,1 1 2 1 1,rest E4-32 E4-32 D#4-22 E4-30 D#4-23 rest,0.813568 0.116659 0.210764 0.228986 0.278639 0.484221 0.506752
Another_Life_seg076,SP m ey b iy ih t s ah n ah dh er SP,0.506752 0.0615168 0.2790912 0.0492544 0.2648576 0.1671424 0.0593664 0.095488 0.11392 0.1327872 0.343296 0.0394496 0.1042432 0.0708352,1 1 2 1 3 2 2 1 1,rest rest B4-20 A#4-17 G#4+11 F#4-18 F#4-10 G#4-23 F#4+7 F#4+8,0.506752 0.061517 0.328345 0.264858 0.321996 0.246707 0.127422 0.255324 0.104243 0.070835
Another_Life_seg077,SP t ay m SP,0.0708352 0.094336 3.2452608 0.15936 0.086528,1 1 2 1,rest rest G4+20 G#4-3 D#4-13 D#4-13 C#4-7 C#4+2 D#4+32,0.070835 0.094336 0.322448 1.416417 0.1161 0.313469 0.499229 0.736958 0.086528
Another_Life_seg079,SP m ey b iy ih t s ax n ah dh er d ey AP SP,0.1584896 0.0551168 0.3024896 0.0231424 0.2689024 0.151424 0.0593664 0.0976128 0.1033984 0.1291776 0.3104256 0.0395776 0.1197824 0.1443584 2.8452352 0.274944 0.1656832,1 1 2 1 3 2 2 2 1 1 1,rest rest B4-45 A#4-8 G4+36 F#4-27 F#4-7 G#4+3 F#4-13 F#4-13 F#4-16 F#4-23 G#4-7 A#4-32 B4-17 rest rest,0.15849 0.055117 0.325632 0.268902 0.308403 0.232576 0.125348 0.17415 0.050506 0.123644 0.140496 0.277463 1.369977 0.278639 0.919156 0.274944 0.165683
Another_Life_seg080,SP m ey b iy ih t s ax n ah dh er l ay f SP,0.1656832 0.0556032 0.2943744 0.0430848 0.2861056 0.1614336 0.0698112 0.097152 0.1292544 0.1367296 0.3066368 0.0396032 0.130176 0.1505792 4.0494592 0.2561792 0.1636096,1 1 2 1 3 2 2 2 2 1,rest rest A#4+18 A#4-1 G4+14 F#4+35 F#4-30 G#4-36 F#4-10 F#4-10 F#4+2 G#4-40 A#4-32 A#4-45 B4-14 B4-2 F4+12 F#4 F4-36 E4-10 rest rest,0.165683 0.055603 0.337459 0.286106 0.328397 0.265984 0.104895 0.16254 0.078805 0.280755 0.255768 1.288707 0.19737 0.290249 0.638549 0.16254 0.2322 0.522449 0.13932 0.290249 0.288237 0.16361
Another_Life_seg081,SP f ao y uw SP,0.1636096 0.0895744 0.2708224 0.2395904 1.3197824 0.4302336,1 1 2 1 1,rest rest C5-45 A#4+21 A#4+21 A#4+24 rest rest,0.16361 0.089574 0.338925 0.171487 0.072323 1.195828 0.051631 0.430234
Another_Life_seg082,SP ae n m iy SP,0.4302336 0.1708032 0.0594176 0.08064 2.5120768 0.3795712,1 1 2 1 1,rest D#4-5 D#4-5 D4+36 D#4-2 D#4-30 D4+12 C#4-6 B3+7 B3-2 rest,0.430234 0.170803 0.140058 0.152873 0.801088 0.1161 0.12771 0.568889 0.348299 0.397118 0.379571
Deja_Vu_seg000,SP s iy y ao r b aa d iy SP,0.6380952 0.1014881 0.2944302 0.0951532 0.0416666 0.0791667 0.1005669 0.3192248 0.0499999 0.3291668 0.3010416,1 1 2 3 2 1 1,rest rest B3+41 C4-40 D4+2 A#3-15 C4+23 rest rest,0.638095 0.101488 0.200826 0.188757 0.221401 0.369225 0.277126 0.052041 0.301042
Deja_Vu_seg001,SP ih n t uw dh ax m uw n l ay t AP iy v ih n ih f ay SP,0.3010416 0.0697916 0.1 0.0294148 0.1507936 0.0442178 0.0755738 0.1575326 0.1737174 0.1395834 0.059375 0.2697916 0.0697916 0.3395836 0.2916668 0.0791664 0.1802084 0.0442812 0.1931976 0.2077096 0.3641868 0.2406248,1 1 2 2 2 3 2 1 2 2 2 1 1,rest A3+36 A3+36 C#4+3 D4+39 A#3+13 B3+24 B3+28 rest rest C4-4 C#4-42 B3-3 B3-3 B3-42 F#3+42 rest rest,0.301042 0.069792 0.129415 0.195012 0.233107 0.372675 0.103765 0.17415 0.061669 0.339584 0.167636 0.203197 0.224489 0.071544 0.329364 0.274354 0.089833 0.240625
Deja_Vu_seg002,SP tr ay t uw k ae n s ax l SP,0.2406248 0.1093752 0.3104164 0.106916 0.1024592 0.1061576 0.2042588 0.069792 0.1409156 0.189292 0.1395832 0.3486752,1 1 2 2 3 2 1,rest rest C#4+16 C4+37 C4-33 A3+42 rest,0.240625 0.109375 0.417332 0.208617 0.414967 0.328875 0.348675
Deja_Vu_seg003,SP ao l dh ax p ih k ch er z SP,0.3486752 0.312784 0.0791664 0.0534016 0.0653056 0.142404 0.1690968 0.15 0.0718328 0.2448968 0.1124376 0.25,1 1 2 2 3 2 1,rest C4-45 C4-45 C#4+25 A3+35 rest B3+9 rest rest,0.348675 0.312784 0.132568 0.20771 0.170871 0.220059 0.29078 0.066555 0.25
Deja_Vu_seg004,SP ih n t uw dh ax m ay n dh eh r z ax f l ae sh ih ng ih n m ay SP,0.25 0.0801928 0.1079376 0.0517008 0.1403768 0.039584 0.062216 0.1360544 0.2527704 0.089584 0.0472152 0.2340344 0.0748104 0.1002248 0.0739232 0.1093752 0.0670416 0.1933752 0.1895832 0.130208 0.0904616 0.1397472 0.1093752 0.15 0.310416 0.1285568,1 1 2 2 2 3 3 3 2 2 3 1 1,rest C4-18 C4-18 C4+20 D4-19 A3+42 C#4+16 C#4+9 D#4-39 D#4-39 rest A3+44 G3+10 A3+43 A#3+2 rest rest,0.25 0.080193 0.159639 0.179961 0.19827 0.389569 0.089126 0.16254 0.157403 0.063187 0.187153 0.382958 0.22067 0.399122 0.249735 0.060681 0.128557
Deja_Vu_seg005,SP ay z SP,0.1285568 1.097052 0.1348096 1.1791648,1 1 1 1,rest A3+39 C4+39 C4-32 C#4-45 rest rest,0.128557 0.219743 0.301859 0.18576 0.38969 0.13481 1.179165
Deja_Vu_seg006,SP d ow n t y uw s iy m ay SP,1.1791648 0.061536 0.2290896 0.0593744 0.1000016 0.0092672 0.0448976 0.1659872 0.128344 0.0884352 0.3536944 0.1802064,1 1 4 2 2 1 1,rest rest C#4-20 D#4-28 D4+41 B3+24 rest,1.179165 0.061536 0.397733 0.210885 0.216779 0.353694 0.180206
Deja_Vu_seg007,SP k ax n d ih sh ax n SP,0.1802064 0.0593744 0.0708352 0.1118528 0.036736 0.1269824 0.2875296 0.3555568 0.1709232 0.3,1 1 3 2 2 1,rest rest D#4-25 D#4+28 D4-7 C#4-35 B3+1 rest rest,0.180206 0.059374 0.219424 0.414512 0.124943 0.19737 0.13932 0.064847 0.3
Deja_Vu_seg008,SP dh ax f ih k sh ax n SP,0.3 0.028848 0.057144 0.1414976 0.1038528 0.1488672 0.1791664 0.4510432 0.0791648 0.2592192,1 1 2 3 2 1,rest rest D#4+13 E4+26 rest rest B3-30 C4+31 rest,0.3 0.028848 0.198642 0.111059 0.320827 0.062302 0.17415 0.293756 0.259219
Deja_Vu_seg009,SP ih t s g aa n er n SP,0.2592192 0.061616 0.05 0.0395808 0.1 0.1708352 0.1093744 0.1 0.0593744 0.4802096,1 1 3 2 2 1,rest C4-43 C4-43 C4-27 G3+12 G3+12 rest rest,0.259219 0.061616 0.189581 0.128133 0.152076 0.080124 0.07925 0.48021
Deja_Vu_seg010,SP ih t s g aa n ax r ah n ih t ax g eh n SP,0.4802096 0.0510416 0.05 0.039584 0.0861168 0.153464 0.059376 0.1614592 0.0855648 0.1310656 0.0625856 0.3697424 0.0452224 0.0802736 0.1578224 0.33424 0.0928576 0.2406256,1 1 3 2 2 2 2 2 2 1,rest rest rest C4-14 C4-14 G3+20 B3-48 A#3-27 B3+40 A#3+28 B3+42 rest,0.48021 0.051042 0.175701 0.21284 0.055446 0.191578 0.193652 0.414964 0.238096 0.180759 0.246339 0.240626
Deja_Vu_seg011,SP k ae n t y uw s iy n aw SP,0.2406256 0.0869248 0.2630752 0.0593744 0.089584 0.0197904 0.05072 0.159696 0.1391664 0.0848064 0.3854032 0.230208,1 1 4 2 2 1 1,rest rest C#4-24 D#4+45 D#4-7 C4-33 rest,0.240626 0.086925 0.431823 0.210416 0.223972 0.385403 0.230208
Deja_Vu_seg012,SP ih l uw sh ax n z AP r ay t ih n t uw y ao r m ay n d AP d ey zh aa v uw SP,0.230208 0.110416 0.1193248 0.3678 0.1306144 0.4030928 0.0895872 0.0791648 0.310416 0.039584 0.1938 0.03492 0.219504 0.112192 0.0764672 0.16416 0.0791664 0.1510416 0.1013248 0.1210864 2.4671744 0.0499968 0.079168 0.3697888 0.053376 0.1778752 0.0633952 0.1569152 0.0956928 0.2933696 0.5887136,1 1 1 2 3 2 2 3 2 3 3 2 2 2 1 1,rest D4-24 D4-24 D4+17 A3+13 C4+11 rest rest D#4+36 D4+9 D4-39 B3-26 B3-1 C4+4 C4 C4+1 C4+1 rest C4+5 D4-17 D#4-34 rest rest rest,0.230208 0.110416 0.119325 0.498414 0.202636 0.313469 0.05574 0.35 0.22872 0.408163 0.243326 0.373453 0.244635 2.031746 0.25542 0.064538 0.098002 0.325163 0.24127 0.252608 0.229257 0.064113 0.342236 0.246478
Deja_Vu_seg013,SP ay f dx jh ah s t SP,0.5887136 0.1165568 0.095776 0.0197888 0.0735488 0.0962432 0.05 0.079168 1.139584,1 1 3 3 1,rest D4+16 D4+4 D4+42 D4+42 rest,0.588714 0.116557 0.189114 0.225411 0.099252 1.040332
Deja_Vu_seg014,SP d ey zh aa v uw SP,1.139584 0.05 0.14056 0.0607712 0.17888 0.0569504 0.2732512 0.319488,1 1 2 2 1 1,rest rest C4+39 D4+39 D#4-41 rest,1.139584 0.05 0.201331 0.23583 0.273251 0.319488
Deja_Vu_seg015,SP ay f dx er ah z r iy n SP,0.319488 0.1315552 0.0197952 0.063616 0.1155456 0.0208384 0.05 0.0291616 0.0812512 0.229168 2.4,1 1 2 1 3 2 1,rest D4+15 D4+15 D#4-13 D#4-13 C#4-40 rest rest,0.319488 0.131555 0.083411 0.115546 0.1 0.213629 0.09679 2.4
Deja_Vu_seg016,SP d ey jh ah v uw SP,2.4 0.0395808 0.130208 0.0602592 0.1437632 0.0855648 0.260416 0.209376,1 1 2 2 1 1,rest rest C#4+10 D4-47 D#4+12 rest rest,2.4 0.039581 0.190467 0.229328 0.205659 0.054757 0.209376
Deja_Vu_seg017,SP ay v SP,0.209376 0.1389728 0.0912352 2.640624,1 1 1 1,rest D4+41 D4+41 D4+41 rest,0.209376 0.138973 0.091235 0.222185 2.418439
Deja_Vu_seg018,SP d ey zh aa v uw SP,2.640624 0.0486368 0.121552 0.069392 0.1446624 0.0893376 0.216 0.2438656,1 1 2 2 1 1,rest rest C4+40 D#4-48 D#4-25 rest,2.640624 0.048637 0.190944 0.234 0.216 0.243866
Deja_Vu_seg019,SP ay v jh ah s t b ih n ih t SP,0.2438656 0.1467648 0.0990432 0.1999136 0.1218752 0.0395808 0.0197952 0.0678112 0.1113504 0.053728 0.096272 0.0395872 0.3812512,1 1 2 4 2 2 1,rest D#4+42 D#4+42 rest D#4+26 D#4+21 C4-10 C4-10 rest,0.243866 0.146765 0.050549 0.248408 0.146331 0.102731 0.165078 0.135859 0.381251
Deja_Vu_seg020,SP dh ih s p l ey s b ih f ao r SP,0.3812512 0.0291616 0.1208384 0.1 0.119792 0.0527808 0.257632 0.05 0.079168 0.080208 0.1348096 0.1058144 0.079168 0.2197888,1 1 4 3 2 2 1,rest rest B3+33 B3+35 A#3+15 C4-27 C4+14 B3+27 rest,0.381251 0.029162 0.204916 0.188495 0.275904 0.110896 0.215018 0.184982 0.219789
Deja_Vu_seg021,SP hh ay er aa n dh ax s tr iy t ih n ax SP,0.2197888 0.0555456 0.323808 0.1404416 0.1516192 0.068032 0.0209728 0.1104192 0.0895808 0.05 0.23152 0.1469376 0.1121632 0.115952 0.2225952 0.6406208,1 1 1 1 3 3 2 2 1 1,rest rest rest G#4-36 F4-38 F4-38 D#4+3 D4-17 D#4-2 D#4+8 D#4+18 D#4+34 rest rest,0.219789 0.055546 0.072964 0.16254 0.088304 0.140442 0.240624 0.25 0.24426 0.134198 0.228115 0.160137 0.062458 0.640621
Deja_Vu_seg022,SP hh ay er SP,0.6406208 0.0547008 0.2848864 0.169792 0.3104128,1 1 1 1 1,rest rest F#4-6 E4+11 rest,0.640621 0.054701 0.284886 0.169792 0.310413
Deja_Vu_seg023,SP hh ay er aa n dh ax s tr iy t SP,0.3104128 0.0395872 0.340624 0.1197888 0.1604192 0.059376 0.0230496 0.1175744 0.0999968 0.0459168 0.234288 0.0395904 0.1256768,1 1 1 1 3 3 2 1,rest rest G4-39 E4+33 E4+33 D#4+19 D4-2 D4+15 rest,0.310413 0.039587 0.230499 0.110125 0.119789 0.242845 0.263488 0.273878 0.125677
Deja_Vu_seg024,SP ae n d ay n ow ih t s m ay t ay m t uw g ow SP,0.1256768 0.1043008 0.0596064 0.0152224 0.1727968 0.0680224 0.1845824 0.090624 0.039584 0.0593728 0.0503264 0.1194688 0.1308704 0.2993344 0.05 0.0801504 0.11048 0.0994944 0.5598752 0.2604192,1 1 2 2 1 4 2 3 2 1 1,rest D4+41 D4+41 D#4-17 F4-13 D#4-4 D#4+8 F4-42 F4-42 E4+43 F#3+23 G4-47 F4-1 rest,0.125677 0.104301 0.074828 0.240819 0.184582 0.094103 0.145804 0.132836 0.117503 0.429484 0.209974 0.206668 0.353207 0.260419
Deja_Vu_seg025,SP k ao l ih ng y uw SP,0.2604192 0.0504576 0.1693344 0.039584 0.119792 0.0999968 0.0592704 0.2709408 0.3966304,1 1 2 3 1 1,rest rest C#4-11 C#4+14 E4-28 rest,0.260419 0.050458 0.208918 0.279059 0.270941 0.39663
Deja_Vu_seg026,SP ax n dh ax s er ch ih z ax m ih s t ax r iy AP s t ae n d ih ng aa n m ay f iy t SP,0.3966304 0.0939968 0.0791648 0.0086976 0.0819264 0.158896 0.1560064 0.1048896 0.1 0.1197888 0.1604224 0.079072 0.1011328 0.1500032 0.1895808 0.1406208 0.0953024 0.1942848 0.160416 0.0593728 0.0757312 0.1742656 0.0425088 0.0163264 0.1120064 0.0793792 0.1612416 0.0395904 0.036352 0.1625984 0.106336 0.2342912 0.079168 0.1173824,1 1 2 2 2 2 2 3 2 1 3 3 2 3 2 2 1,rest D#4+22 D#4+22 D#4-20 D4-27 C#4-30 A#3+38 A#3+9 rest B3-27 C#4-46 C#4-46 rest G4-42 F4-22 D#4-23 D4+26 E4-21 rest rest,0.39663 0.093997 0.087863 0.240822 0.260896 0.219789 0.239494 0.213617 0.2271 0.17925 0.056673 0.194285 0.29552 0.233101 0.191385 0.237184 0.268934 0.241196 0.072263 0.117382
Deja_Vu_seg027,SP ih t s ow hh aa r d dh ae w eh n ay t SP,0.1173824 0.0930368 0.0499968 0.0524288 0.1475712 0.1109376 0.1109376 0.039584 0.039584 0.0393664 0.0793792 0.069792 0.111456 0.079168 0.1708352 0.0291648 0.6208384,1 1 2 2 4 2 2 2 1,rest D#4-35 D#4-35 D#4-33 E4-46 B3+40 D#4-33 D#4+23 rest,0.117382 0.093037 0.102426 0.258509 0.229472 0.149171 0.190624 0.2 0.620838
Deja_Vu_seg028,SP s t ae d ih ng aa n m ay f iy t w eh n ax SP,0.6208384 0.0791616 0.066336 0.1940864 0.0340288 0.1357568 0.0692288 0.1516096 0.0291648 0.045984 0.154016 0.0895168 0.2302784 0.1999936 0.0599808 0.1702272 0.069792 0.139584 0.5010432,1 2 2 2 3 2 3 2 1 1,rest rest F#4+38 F4-6 D#4-18 D4+41 E4-40 rest D#4-13 rest rest,0.620838 0.145498 0.228115 0.204986 0.226759 0.243533 0.245919 0.244334 0.240019 0.139584 0.501043
Deja_Vu_seg029,SP s t ae n d ih ng aa n m ay f iy t ih t s ow hh aa r d w eh n ay tr ay d t uw b iy m iy AP w ow SP,0.5010432 0.0791744 0.0687488 0.1614464 0.0198016 0.0319104 0.1378752 0.0607616 0.149664 0.0197888 0.0573056 0.1569088 0.1159936 0.19648 0.2272128 0.0669248 0.0291712 0.1007296 0.1701056 0.0629952 0.10784 0.0395776 0.0395904 0.0751296 0.1144448 0.0633344 0.1356288 0.168224 0.2026112 0.0395776 0.146016 0.1435712 0.0750272 0.1749696 0.0500032 0.430208 0.2802048 0.0895872 1.230208 0.2464064,1 2 3 2 3 2 2 3 2 4 2 2 3 2 2 1 2 1 1,rest rest G4+13 F4+42 D#4+12 D4+30 E4-43 rest D#4-42 E4-19 F#4-28 D#4+10 F4+11 F4+2 F4+20 F#4-22 G#4+8 E4+39 F4+5 rest rest G4 rest rest rest,0.501043 0.147923 0.213158 0.198637 0.226759 0.272903 0.215905 0.207788 0.196826 0.233101 0.262138 0.177779 0.303853 0.104594 0.283611 0.218598 0.224973 0.097127 0.267029 0.066052 0.369792 1.143113 0.087095 0.133495 0.112911
Deja_Vu_seg030,SP d ey zh aa v uw SP,0.2464064 0.042176 0.1718336 0.0626304 0.160096 0.0668544 0.2500032 0.3185152,1 1 2 2 1 1,rest rest C#4+4 D#4-16 E4-18 rest,0.246406 0.042176 0.234464 0.22695 0.250003 0.318515
Deja_Vu_seg031,SP ay v jh uh s t SP,0.3185152 0.142944 0.079168 0.0697856 0.1510464 0.0291648 0.039584 1.1708288,1 1 2 3 1,rest D#4+27 D#4+27 E4-37 rest,0.318515 0.142944 0.148954 0.219795 1.170829
Deja_Vu_seg032,SP d ey zh aa v uw SP,1.1708288 0.0961664 0.1527936 0.078496 0.1573632 0.0641408 0.2500032 0.2201024,1 1 2 2 1 1,rest rest D4+11 F4-42 F4-42 rest,1.170829 0.096166 0.23129 0.221504 0.250003 0.220102
Deja_Vu_seg033,SP ay v SP,0.2201024 0.1903104 0.0895872 0.3214592,1 1 1 1,rest E4-4 rest rest,0.220102 0.19031 0.089587 0.321459
Deja_Vu_seg034,SP b ih n SP,0.3214592 0.040832 0.1189632 0.2593664 0.960416,1 1 2 1,rest rest D4+43 rest rest,0.321459 0.040832 0.241428 0.136901 0.960416
Deja_Vu_seg035,SP d ey zh aa v uw SP,0.960416 0.0485376 0.1514624 0.0821056 0.1574784 0.0674624 0.2117056 0.1932864,1 1 2 2 1 1,rest rest D4+30 D#4-23 E4-12 rest,0.960416 0.048538 0.233568 0.22494 0.211706 0.193286
Deja_Vu_seg036,SP ay v jh ah s t b iy n ih n dh ih s SP,0.1932864 0.1171264 0.0500096 0.107232 0.1136 0.0197888 0.0197952 0.0499968 0.1104128 0.0791744 0.1104128 0.109376 0.0197888 0.1614592 0.079168 0.3,1 1 2 4 2 3 2 1,rest D#4+14 D#4+38 E4+17 E4-10 D#4+17 D4-27 C#4+22 rest rest,0.193286 0.117126 0.157242 0.112846 0.090335 0.189587 0.239578 0.16549 0.075137 0.3
Deja_Vu_seg037,SP t ay m b ih f ao r SP,0.3 0.069216 0.3016192 0.0593728 0.0462592 0.0735296 0.162752 0.1080832 0.0593728 0.2197952,1 1 3 2 2 1,rest rest B3-34 C4+17 C4-19 rest,0.3 0.069216 0.407251 0.236282 0.167456 0.219795
Deja_Vu_seg038,SP hh ay er aa n dh ax b ih t SP,0.2197952 0.0558336 0.2108928 0.2134848 0.162464 0.0761984 0.0335552 0.1381952 0.0895808 0.2302144 0.0895808 0.1236288,1 1 1 1 3 2 2 1,rest rest G#4-7 F#4-39 D#4+12 D#4-10 E4-16 E4-23 E4-23,0.219795 0.055834 0.210893 0.213485 0.272217 0.227776 0.239638 0.080157 0.123629
Deja_Vu_seg039,SP ay n ow ih t s m ay SP,0.1236288 0.1670016 0.0520576 0.157312 0.1397312 0.0602688 0.0593728 0.0649344 0.3070336 1.0040896,1 1 1 1 4 1 1,rest E4-8 E4-8 E4+3 F4+34 D#4-26 rest rest,0.123629 0.167002 0.052058 0.157312 0.324307 0.255421 0.051613 1.00409
Deja_Vu_seg040,SP hh ay er aa n dh ax b iy t SP,1.0040896 0.0430848 0.2610688 0.1802112 0.160416 0.0622336 0.0273472 0.130208 0.0955136 0.2458048 0.0586816 0.1449472,1 1 1 1 3 2 2 1,rest rest G#5-8 F#4-23 E4-4 D#4-46 E4-13 E4-17 E4-17,1.00409 0.043085 0.261069 0.180211 0.249997 0.225722 0.241723 0.062764 0.144947
Deja_Vu_seg041,SP ae n d ay n ow ih t s ax p l ey s t uw g ow SP,0.1449472 0.1456832 0.0593664 0.0158144 0.1482944 0.0743744 0.2313088 0.130208 0.0500032 0.0593728 0.1010432 0.1197888 0.0697344 0.2406912 0.0895744 0.08832 0.1012608 0.120064 0.6299392 0.220832,1 1 2 2 1 3 3 3 2 1 1,rest D#4-21 D#4-21 E4-44 F#4-28 D#4+32 F#4-20 G4+40 G4+19 G4+38 G#4-8 F#4-33 rest,0.144947 0.145683 0.07518 0.222668 0.231309 0.239584 0.290566 0.263851 0.154734 0.221325 0.227661 0.402278 0.220832
Deja_Vu_seg042,AP k ao l ih ng y uw SP ah,0.220832 0.039584 0.1802112 0.0593728 0.1131392 0.1076992 0.0746176 0.2243392 0.258656 0.131968,1 1 2 3 1 1 1,rest rest D#4-45 D#4-10 E4+9 rest D#4+7,0.220832 0.039584 0.239584 0.295456 0.224339 0.258656 0.131968
Deja_Vu_seg043,ah n dh ax s er ch ih s ax m ih s t ax r iy SP,0.131968 0.0516928 0.0274688 0.0954368 0.1455808 0.1496128 0.1197952 0.0708352 0.11872 0.044896 0.1957504 0.2010496 0.1499968 0.0791616 0.1604224 0.0662208 0.1431488 0.1895872,1 2 2 2 2 2 3 2 1 1,E4-37 E4-37 E4-28 D4-18 D4-24 C#4+11 A#3+17 B3+1 B3 C#4-16 C#4-16 rest,0.131968 0.079162 0.241018 0.139962 0.129446 0.189555 0.240646 0.218223 0.211986 0.226643 0.143149 0.189587
Deja_Vu_seg044,SP s t ae n d ih ng aa n m ay f iy t SP,0.1895872 0.1 0.0207872 0.2000448 0.0212736 0.0190336 0.109696 0.069792 0.165184 0.0243968 0.0617728 0.1382272 0.1025984 0.2698304 0.0577792 0.1131968,1 2 3 2 3 2 2 1,rest rest G#4-40 F4+24 D#4+2 D#4-20 F4-46 rest rest,0.189587 0.120787 0.240353 0.179488 0.251354 0.240825 0.275294 0.052315 0.113197
Deja_Vu_seg045,SP ih t s ow hh aa r d w eh n ay tr ay d t uw b iy m iy AP y ey SP,0.1131968 0.0972224 0.0291648 0.0697856 0.1812544 0.109376 0.1010432 0.0395776 0.0395904 0.0626944 0.1373056 0.0527168 0.1472832 0.1465984 0.1836096 0.0395776 0.1958592 0.1343488 0.0692736 0.1505216 0.0685376 0.4210432 0.3500032 0.0697856 1.4104192 0.297952,1 1 2 2 4 2 2 3 2 2 1 2 1 1,rest E4-40 E4-40 D#4+44 F#4+30 D#4+43 F#4+10 F4+19 rest G4-22 G#4+15 F#4-28 rest rest F4+35 G#4-30 G#4-18 rest,0.113197 0.097222 0.098951 0.29063 0.242905 0.190023 0.293881 0.240538 0.178509 0.203623 0.21906 0.350827 0.070216 0.419789 0.183374 0.928798 0.298247 0.297952
Deja_Vu_seg046,SP ay SP,0.297952 0.46848 0.5455744,1 1 1,rest rest A3-48 rest rest,0.297952 0.085177 0.267029 0.116274 0.545574
I_Love_It_seg000,SP ay g aa t dh ih z f iy l ih ng aa n ax s ah m er d ey w eh n y uw w er g ao n AP ay k r ae sh t m ay k aa r ih n t uw dh ax b r iy jh ay w aa ch ay l eh t ih t b er n SP,0.4721089 0.1976828 0.0853104 0.2053146 0.0237103 0.0122449 0.0942531 0.0791667 0.0991425 0.1810658 0.0456917 0.1345166 0.0781817 0.1614016 0.0395834 0.0802082 0.2013464 0.0882372 0.0609692 0.0796556 0.0736324 0.3169928 0.0621456 0.1472292 0.0697916 0.0697918 0.1208334 0.0291666 0.0742986 0.1301588 0.4465844 0.0791664 0.2688068 0.1541948 0.0965988 0.0304 0.08125 0.0697912 0.0291668 0.0587796 0.1505952 0.0906252 0.10073 0.1388536 0.0416664 0.0791668 0.0750068 0.1447848 0.0197916 0.0385984 0.0811936 0.0197916 0.1614584 0.1583328 0.201042 0.0593752 0.1 0.1249292 0.195904 0.0875424 0.1260768 0.0344672 0.069388 0.0419 0.1501624 0.5172344 0.112812 0.419728,1 1 1 3 3 2 2 2 2 2 2 2 3 2 2 2 1 3 4 2 2 3 2 3 2 2 2 2 2 3 2 1,rest G4+16 G4+16 G4+36 G#4+16 G#4+19 G#4+12 G#4-6 G#4-30 G#4-25 G#4+17 G#4-13 G#4-30 G#4-22 G#4+22 G#4+21 F4+26 D#4-19 rest G4-35 G#4+42 G#4+30 G#4+10 F#4-10 G4+43 G4+43 G4+35 G4+35 G4+30 rest G#4-35 A4-41 G#4+32 G4+33 A4+38 A4+8 rest A#4+10 F#4+41 rest rest,0.472109 0.197683 0.08531 0.24127 0.129796 0.142766 0.226758 0.212699 0.200985 0.281554 0.149206 0.153288 0.379139 0.286813 0.15 0.204458 0.259412 0.266338 0.268807 0.281194 0.12407 0.114918 0.24122 0.085042 0.154542 0.19584 0.164577 0.139584 0.169765 0.150026 0.260417 0.224929 0.107667 0.175779 0.160544 0.139687 0.121763 0.331026 0.29902 0.316308 0.10342
I_Love_It_seg001,SP ay th r uw y ao r sh ih t ih n t uw dh ax b ae g ae n d p uh r sh ih t d aw n dh ax s t eh r z SP,0.419728 0.1708968 0.0895832 0.03884 0.180952 0.0483 0.0933672 0.0291656 0.1352888 0.1738104 0.020068 0.1051032 0.0918344 0.0758512 0.0667944 0.019792 0.0604168 0.080436 0.17998 0.181356 0.1696856 0.0895832 0.0593752 0.0791672 0.0549112 0.0346928 0.15 0.0683688 0.0775488 0.1020408 0.1728544 0.0325888 0.0224496 0.0460016 0.0697928 0.0855656 0.3248512 0.0791664 0.059376 0.2672192,1 1 2 2 3 2 3 2 2 2 4 3 3 3 3 3 1,rest G4-23 G4-23 G4+27 G4+7 G#4-13 G#4-13 F#4+44 F#4+44 G4+14 rest G#4-38 rest G#4+41 G#4+8 rest G4+43 G4+40 F4+24 D4+42 rest,0.419728 0.170897 0.128423 0.229252 0.257822 0.193878 0.272788 0.086586 0.140853 0.20118 0.160156 0.269414 0.128397 0.239604 0.096399 0.15156 0.227893 0.201361 0.197056 0.266337 0.267219
I_Love_It_seg002,SP ay k r ae sh t m ay k aa r ih n t uw dh ax b r ih jh SP,0.2672192 0.1546544 0.0888832 0.0316312 0.0878192 0.0500008 0.0395832 0.05 0.1510416 0.0997872 0.1793792 0.039584 0.0708328 0.1093744 0.0297424 0.1608832 0.0291664 0.0364784 0.0816336 0.0397952 0.2827184 0.230208 0.5095232,1 1 2 4 2 2 3 2 3 2 1,rest G4-11 G4-11 G4+27 G#4-20 G#4-34 F#4+45 G#4-13 G4-5 G4-5 A3-37 rest rest,0.267219 0.154654 0.120514 0.227403 0.135789 0.11504 0.218963 0.209949 0.190049 0.157907 0.32714 0.185786 0.509523
I_Love_It_seg003,SP ay d ow n t k eh r SP,0.5095232 0.4139472 0.1292512 0.2707488 0.0693856 0.0387776 0.1289104 0.509248 0.1593744 0.5310384,1 1 1 4 2 1,rest B4+36 G#4+36 G#4+36 G#4+36 A#4-30 A4-17 B4-25 G#4-42 rest rest rest,0.509523 0.221906 0.192041 0.129251 0.085058 0.22059 0.202175 0.180955 0.383129 0.104538 0.162491 0.368547
I_Love_It_seg004,SP ay l ah v ih t SP,0.5310384 0.2095856 0.059376 0.1604176 0.0678976 0.2623088 0.05 0.8046992,1 1 1 2 2 1,rest G#4-38 G#4-38 G4+32 A4+2 rest rest,0.531038 0.209586 0.059376 0.228316 0.260393 0.051916 0.804699
I_Love_It_seg005,SP ay SP,0.8046992 0.4046768 0.1123312,1 1 1,rest A#4-34 G#4+32 G#4+42,0.804699 0.251809 0.152868 0.112331
I_Love_It_seg006,SP d ow n t SP,0.1123312 0.035712 0.2623744 0.0395824 0.05 0.1031456,1 1 3 1,rest rest A#4-15 A#4-15 rest,0.112331 0.035712 0.235087 0.116869 0.103146
I_Love_It_seg007,SP k eh r SP,0.1031456 0.0493216 0.5777408 0.2130752 0.2489776,1 1 2 1,rest rest G#4-10 G#4-10 rest rest,0.103146 0.049322 0.172612 0.522449 0.095755 0.248978
Wake_Me_Up_seg000,SP s ow w ey k m iy ah p w eh n ih t s ao l ow v er SP,0.4197917 0.0768069 0.2231931 0.0625212 0.1374787 0.0395833 0.1032102 0.2240362 0.4540037 0.0395834 0.0919004 0.410431 0.0789114 0.4791738 0.059375 0.072789 0.4195014 0.05034 0.2969528 0.075836 0.2835392 0.7218752,1 1 2 3 1 3 2 3 2 2 1 1,rest rest C#4-35 C#4-28 C#4-33 D4-15 D4-42 D#4+24 D#4+30 D#4-25 C4-34 B3-39 B3-41 G3-22 rest,0.419792 0.076807 0.285714 0.134875 0.145397 0.224036 0.187847 0.39764 0.489342 0.250796 0.360542 0.469841 0.372789 0.283539 0.721875
Wake_Me_Up_seg001,SP w eh n ay m w ay z er ae n d ay m ow l d er SP,0.7218752 0.0925456 0.1866208 0.0687076 0.1615008 0.0697916 0.0390024 0.4516224 0.1152708 0.4534796 0.3312496 0.1093752 0.0170072 0.2281176 0.0897952 0.36508 0.0395832 0.077424 1.0829928 0.7483,1 1 2 3 2 1 3 2 3 1 1,rest rest C#4+7 D4+10 D#4+4 D#4-8 D#4-8 C4-26 B3+11 C#4-16 B3-43 B3-21 B3+16 rest rest,0.721875 0.092546 0.255329 0.270295 0.566893 0.45348 0.457632 0.317913 0.23093 0.251157 0.700862 0.12771 0.254421 0.627938 0.120362
Wake_Me_Up_seg002,SP ao l dh ih s t ay m ay w aa z f ay n d ih ng m ay s eh l f ae n d ay SP,0.7483 0.2517 0.0395832 0.039584 0.1158448 0.085196 0.0848712 0.3301592 0.0979584 0.2568032 0.0475056 0.0931192 0.069792 0.0791664 0.238648 0.022676 0.0188848 0.110416 0.069792 0.0530624 0.2271456 0.1429208 0.797704 0.1093744 0.0915608 0.198024 0.0593752 0.0147096 1.1056704 0.4806608,1 1 2 3 2 2 3 3 3 2 3 3 1 1,rest D4 D4 E4-38 D#4-6 F#4+16 G#4-21 G#4-21 G#4-23 F#4+4 E4-33 F4-15 F4-37 E4-27 B3+4 B3-25 C#4-20 A3-28 B3-1 rest rest,0.7483 0.2517 0.079167 0.285912 0.428117 0.22694 0.077369 0.143221 0.098856 0.280209 0.23327 0.370067 0.259867 0.738772 0.272109 0.219777 0.383129 0.13932 0.25542 0.108024 0.480661
Wake_Me_Up_seg003,SP d ih d ax n ow ay w aa z l ao s t SP,0.4806608 0.0649168 0.2048752 0.0386624 0.15092 0.1329792 0.3670208 0.25 0.0673328 0.1628768 0.0999984 0.2328192 1.0473904 0.2 0.0369632 1.0630368,1 1 2 2 1 2 3 3 1,rest rest A3-28 A3-27 A3+11 A3+11 C4-32 rest F3-44 rest rest,0.480661 0.064917 0.243537 0.283899 0.367021 0.317333 0.193109 0.302585 1.020952 0.263401 1.063037
Wake_Me_Up_seg004,SP s ow w ey k m iy ah p w eh n ih t s ao l ow v er SP,1.0630368 0.0938768 0.2457072 0.0540656 0.1563504 0.0697904 0.0695536 0.25024 0.4177856 0.0503408 0.0816336 0.4580464 0.0530624 0.49388 0.0556672 0.0640608 0.4453136 0.0558192 0.325432 0.0791648 0.3704576 0.7795424,1 1 2 3 1 3 2 3 2 2 1 1,rest rest rest C#4-31 C#4-31 C#4-38 D#4-41 D4+15 E4-34 D#4-27 D#4+22 D#4-40 C4+28 B3-18 B3-18 G3-7 G3+3 rest rest,0.163037 0.9 0.093877 0.299773 0.151521 0.144173 0.25024 0.197697 0.352064 0.216825 0.294283 0.239776 0.373832 0.501133 0.404597 0.194905 0.175553 0.706806 0.072736
Wake_Me_Up_seg005,SP w eh n ay m w ay z er ae n d ay m SP,0.7795424 0.039584 0.1802096 0.0804816 0.161184 0.087344 0.0403632 0.4816656 0.0838656 0.5197296 0.3310672 0.1083872 0.016328 0.3197904 0.0697936 0.0825232,1 1 2 3 2 1 3 2 1,rest rest B3-9 D4+21 D#4+21 G4-27 A4-35 A#4+22 A#4+33,0.779542 0.039584 0.260692 0.288891 0.565532 0.51973 0.455782 0.389584 0.082523
Wake_Me_Up_seg006,SP ow l d er SP,0.0825232 0.2883088 0.1093744 0.0608208 1.2891808 0.416944,1 1 2 1 1,rest F#4-41 F#4+10 E4-47 E4-39 G4+13 G#4+48 rest,0.082523 0.161287 0.127022 0.170195 0.724462 0.24381 0.320909 0.416944
Wake_Me_Up_seg007,SP ao l dh ih s t ay m ay w aa z f ay n d ih ng m ay s eh l v ae n d ay AP d ih d ax n ow ay w aa z t l ao s SP,0.416944 0.2421728 0.0408192 0.019856 0.1579232 0.0629088 0.0967296 0.3834784 0.0682208 0.1732416 0.0772896 0.130208 0.069792 0.177584 0.353664 0.0526848 0.0163296 0.1216096 0.059376 0.0652704 0.143312 0.1863968 0.3927424 0.3310304 0.1057056 0.1755424 0.064816 0.0204096 1.1137312 0.4697984 0.1130752 0.1775456 0.05 0.15 0.140816 0.259184 0.420832 0.09232 0.3074848 0.1199872 0.059376 0.16848 0.9919392 0.1799424 0.4925184,1 1 2 3 2 2 3 3 3 2 3 3 1 2 2 2 1 2 4 2 1,rest C5+25 C5+25 B4-13 B4-10 B4-36 F#4+41 G#4+28 G#4+28 rest G4-27 E4+22 E4+22 D#4-15 G4-4 G#4-8 C#4-2 B3+25 B3+24 C#4+17 B3+5 rest rest rest A3-41 G#3+9 A3-37 A3-37 A3+41 C4-37 rest F#3-30 rest rest,0.416944 0.242173 0.060675 0.209006 0.108556 0.451699 0.147954 0.102578 0.152842 0.224742 0.309317 0.113362 0.246256 0.329709 0.146591 0.15093 0.531957 0.260768 0.240563 0.325079 0.429569 0.11852 0.311049 0.271824 0.227546 0.290816 0.259184 0.321378 0.191774 0.330675 0.324653 0.987274 0.184607 0.492518
