name,ph_seq,ph_dur
Call_Me_Maybe_seg000,SP ay th r uw ax w ih sh ih n dh ax w eh l SP,0.759375 0.1208333 0.15 0.0633292 0.1541949 0.1950114 0.0572562 0.1 0.1697916 0.0895834 0.1197918 0.053146 0.1874788 0.0593752 0.1010416 0.1093748 0.2708336
Call_Me_Maybe_seg001,SP d ow n ae s m iy ay l n eh v er t eh l SP,0.2708336 0.0593748 0.1406252 0.0791664 0.1406252 0.0791664 0.0801942 0.2000142 0.1327524 0.0682896 0.0626628 0.1873368 0.0593752 0.0697916 0.1993692 0.1402144 0.1 0.6577456
Call_Me_Maybe_seg002,SP ay l uh k t uw y uw ae z ih t f eh l SP,0.6577456 0.143296 0.0791668 0.05 0.0697916 0.156612 0.2193868 0.0844176 0.1895836 0.1908512 0.0799324 0.0698412 0.0697916 0.1222716 0.1371032 0.1 0.3031472
Call_Me_Maybe_seg003,SP ae n aw y uh r ih n m ay w ey SP,0.3031472 0.0572704 0.1598488 0.2203584 0.07386 0.1063496 0.0791656 0.1406248 0.119792 0.139584 0.3312496 0.0593752 0.2381448 0.3712304
Call_Me_Maybe_seg004,SP ay tr ey d m ay s ow l f ao r ax w ih sh AP p eh n iy z ae n d ay m z f ao r ax k ih s AP ay w aa z ax n l uh k ih n f ao r dh ih s AP b ah n aw y uh r ih n m ay w ey AP y ao r s d eh r w aa z hh ow l d ih ng SP,0.3712304 0.1 0.1906248 0.1406248 0.05 0.0313072 0.1582752 0.1240368 0.106172 0.0593752 0.1127976 0.1872024 0.1 0.180208 0.0654696 0.1043224 0.139584 0.230208 0.019792 0.110416 0.119792 0.2 0.069792 0.0812496 0.1593752 0.0197912 0.2208336 0.0514872 0.057888 0.0776008 0.0723992 0.0395832 0.1406248 0.1791672 0.1906248 0.0895832 0.3248648 0.194928 0.0499984 0.1708336 0.0593744 0.1010432 0.0791648 0.069792 0.1 0.1406256 0.0708336 0.139584 0.0709888 0.1488016 0.0593744 0.05 0.1505536 0.0796544 0.3000016 0.0330432 0.0773728 0.1295424 0.240248 0.0658752 0.0737088 0.1000016 0.110416 0.1697904 0.1197936 0.310416 0.0750576 0.3249424 0.410416 0.0509216 0.130328 0.089584 0.1291664 0.0879968 0.1724192 0.079168 0.039584 0.0395824 0.1 0.05 0.1666384 0.0239856 0.039584 0.0486752 0.0919504 0.2
Call_Me_Maybe_seg005,SP r ih p t jh iy n z s g ih n w aa z sh ow ih ng SP,0.2 0.039584 0.0906256 0.0791648 0.1708352 0.1027824 0.1878432 0.0944704 0.055528 0.069792 0.0791648 0.1406256 0.05 0.039584 0.1 0.1 0.0697904 0.189584 0.066816 0.083184 0.1843888
Call_Me_Maybe_seg006,SP hh aa t n ay t w ih n w aa z b l ow ih ng AP w eh r y uw th ih ng k y uh aa r g ow ih n b ey b iy AP hh ey SP,0.1843888 0.0425184 0.1730912 0.0500016 0.2893792 0.210624 0.0999968 0.1802096 0.15 0.05 0.0395824 0.0416672 0.0791664 0.0802064 0.044168 0.135 0.0498096 0.0606064 0.2708352 0.0291648 0.1114592 0.0791664 0.0593744 0.1208352 0.1291648 0.1010432 0.069792 0.0197904 0.039584 0.0905888 0.1000384 0.0499984 0.0755888 0.2324256 0.1315696 0.1 0.071832 0.2479584 0.0197904 0.2791888 0.4208112 0.1001648 0.2998352 0.1712512
Call_Me_Maybe_seg007,SP ay jh ah s t m eh t y uw SP,0.1712512 0.1693744 0.059376 0.0614592 0.0791648 0.019792 0.059376 0.1019136 0.2584992 0.0395872 0.4 0.1199392
Call_Me_Maybe_seg009,SP ax n dh ih s k r ey z iy SP,0.1088448 0.0509568 0.15 0.029168 0.140624 0.15 0.139584 0.03808 0.242128 0.0764672 0.4829056 0.1163008
Call_Me_Maybe_seg011,SP b ah t hh ih r z m ay n ah m b er SP,0.0805152 0.0623424 0.1491136 0.0291712 0.09496 0.1258688 0.029168 0.05 0.069792 0.1697888 0.0633184 0.1471008 0.0796576 0.0459168 0.3338016 0.1895808
Call_Me_Maybe_seg012,SP AP s ow k ao l m iy m ey b iy SP,0.1895808 0.2406272 0.1685312 0.151264 0.1293472 0.1887712 0.0329184 0.0627776 0.1268064 0.1160512 0.2433216 0.0464736 0.3337376 0.497552
Call_Me_Maybe_seg013,SP ih t s hh aa r d t uw l uh k r ay t AP ae t y uw b ey b iy AP b ah t hh ih r z m ay n ah m b er SP,0.497552 0.203488 0.1 0.079168 0.079168 0.1020832 0.029168 0.0291616 0.1253888 0.0350304 0.052384 0.0986592 0.1697888 0.079168 0.7 0.1 0.3860544 0.1337376 0.1697888 0.0395872 0.080208 0.1311008 0.6793152 0.0819072 0.2576768 0.3010432 0.0446816 0.1251072 0.029168 0.1266784 0.1115616 0.0628032 0.05 0.0705312 0.1690496 0.05 0.1395808 0.1 0.0395872 0.2604128 0.4395872
Call_Me_Maybe_seg014,SP s ow k ao l m iy m ey b iy SP,0.4395872 0.1609696 0.1192384 0.140624 0.159376 0.05 0.0586496 0.1423936 0.1157696 0.2238112 0.05 0.259376 0.4
Call_Me_Maybe_seg015,SP hh ey SP,0.4 0.05 0.240624 0.2680256
Call_Me_Maybe_seg016,SP ay jh ah s m eh t y uw SP,0.2680256 0.1819744 0.0848064 0.0349824 0.1000032 0.0812288 0.1583552 0.1802048 0.0395872 0.35 0.230208
Call_Me_Maybe_seg017,SP AP ax n dh ih s k r ey z iy AP b ah hh ih r z m ay n ah m b er SP,0.230208 0.4 0.060416 0.1197888 0.0395872 0.141664 0.15 0.129168 0.019792 0.320832 0.0859072 0.4526368 0.4812512 0.0395808 0.170832 0.079168 0.130208 0.039584 0.0499968 0.0692128 0.1807904 0.0482336 0.1830176 0.0697888 0.0374464 0.4010976 0.160416
Call_Me_Maybe_seg018,SP AP s ow k ao l m iy m ey b iy AP ae n d ao l dh iy ah dh er b oy z AP tr ay t uw ch ey s m iy AP b ah t hh ih r z m ay n ah m b er SP,0.160416 0.310416 0.119792 0.119792 0.15 0.1812512 0.0395808 0.0654944 0.1240928 0.1353248 0.2136288 0.0625632 0.258272 0.3848096 0.1745664 0.119792 0.2317184 0.1809536 0.091152 0.0195008 0.1172992 0.25 0.0431296 0.019056 0.087072 0.8809472 0.1000032 0.3 0.119792 0.2197888 0.05 0.0802112 0.209376 0.7010368 0.0593792 0.0895872 0.2302016 0.320832 0.0510912 0.1582848 0.0395904 0.0708288 0.181248 0.0291712 0.0499968 0.0504704 0.1693184 0.049728 0.1908992 0.079168 0.0197952 0.3 0.2395776
Call_Me_Maybe_seg019,SP AP s ow k ao m iy m ey b iy SP,0.2395776 0.3 0.1197952 0.1317184 0.165984 0.2033344 0.0724032 0.138016 0.1175424 0.2324608 0.0670848 0.2866176 0.4650432
Call_Me_Maybe_seg021,SP y uw t uh k y ao r t ay m w ih dh ax k ao l ay t uh k n ow t ay m w ih dh ax f ao l y uw g ih v m iy n ah th ih ng ae t ao l SP,0.3055424 0.079168 0.1510464 0.0864704 0.0833152 0.139584 0.0500032 0.090624 0.0291648 0.1338368 0.1755328 0.1000064 0.0233216 0.1475136 0.0620096 0.077568 0.2036224 0.4067968 0.0197952 0.3104128 0.0820352 0.058592 0.117376 0.0693888 0.163232 0.1356288 0.223744 0.0900928 0.015872 0.126528 0.0966784 0.1208256 0.1965568 0.4013568 0.0510528 0.1 0.1406208 0.1033408 0.1372864 0.0395776 0.1065856 0.1527936 0.1057088 0.1745024 0.1 0.160416 0.0791616 0.2319488 0.0195008 0.1391808 0.0895808 0.0587648
Call_Me_Maybe_seg023,SP b ah t s t ih l y uh r ih n m ay w ey AP ay b eh g ax n b aa r ow ax n s t iy l AP hh ae f er s ay t ae n ih t s r iy l SP,0.2614528 0.0614528 0.039584 0.1000128 0.0593728 0.069056 0.1319808 0.0593792 0.0791616 0.1406272 0.0791616 0.130208 0.169792 0.1198912 0.2998976 0.0697984 0.2499968 0.378944 0.2314752 0.0593728 0.1208384 0.1207488 0.0896704 0.1697856 0.0382784 0.2315136 0.0848064 0.1547712 0.0697984 0.1 0.1 0.0593216 0.1917248 0.0791616 0.2688064 0.0353728 0.0656064 0.1774784 0.1235712 0.1417408 0.229472 0.0353792 0.2131968 0.0593792 0.1208256 0.0500032 0.1197952 0.0593728 0.2802048 0.0802112 0.8655296
Call_Me_Maybe_seg024,SP ay d ih d ax n ow ay w uh d f iy l SP,0.8655296 0.2344704 0.0499968 0.2 0.035264 0.1043264 0.192608 0.1969664 0.2604224 0.069792 0.0484416 0.0817664 0.1294656 0.240128 0.169984 0.5813888
Call_Me_Maybe_seg025,SP ay d ih d ax n ow ay w uh d f iy l ih t b ah t ih t s ih n m ay w ey AP y ao r s t eh r w aa z hh ow l d ih ng AP r ih p t jh iy n z s k ih w aa sh ow iy ng SP,0.5813888 0.2092416 0.0499968 0.2197952 0.0395776 0.1406272 0.1179712 0.26224 0.2406272 0.0791616 0.0802112 0.039584 0.157696 0.20272 0.29728 0.132928 0.0500032 0.1140096 0.2057792 0.039584 0.130208 0.1499968 0.0564032 0.105056 0.179168 0.109376 0.360416 0.0593792 0.3104128 0.4802112 0.0593728 0.1010432 0.0791616 0.139584 0.1293952 0.201856 0.039584 0.0291648 0.0406272 0.1197888 0.0500032 0.1499968 0.039584 0.06512 0.1161344 0.0593728 0.2406272 0.0291648 0.0802112 0.0499968 0.2197888 0.124768 0.1971072 0.0593728 0.0395904 0.0593728 0.1044224 0.1851648 0.0499968 0.047488 0.1819776 0.210112 0.0769664 0.053248 0.2104128
Call_Me_Maybe_seg026,SP hh aa t SP,0.2104128 0.0574208 0.1227904 0.039584 0.1802048
Call_Me_Maybe_seg027,SP n ay t SP,0.1802048 0.156064 0.23456 0.109376 0.0802112
Call_Me_Maybe_seg028,SP w ih n w aa z b l ow ih n AP w eh r y uw th ih ng k y uh r g ow ih n b ey b iy AP hh ey SP ay,0.0802112 0.069792 0.120832 0.069792 0.039584 0.0708352 0.069792 0.0791616 0.0499392 0.169856 0.093408 0.0368 0.360416 0.0291648 0.141664 0.0593792 0.079168 0.1104128 0.1408256 0.1393856 0.069792 0.0197888 0.039584 0.0812544 0.0697856 0.0926464 0.1578176 0.18912 0.109376 0.0858624 0.2339264 0.0606464 0.2799808 0.4 0.0593728 0.3208384 0.2234688 0.1859072
Call_Me_Maybe_seg029,ay jh ah s t m eh t y uw SP,0.1859072 0.079392 0.0320704 0.0791616 0.039584 0.0500032 0.1302016 0.2197952 0.0395776 0.2802112 0.1802112
Call_Me_Maybe_seg030,SP AP ae n dh ih s k r ey z iy SP,0.1802112 0.3500032 0.1312512 0.1 0.0346048 0.1653952 0.1291584 0.109376 0.0197888 0.313696 0.0959104 0.3903936 0.1802112
Call_Me_Maybe_seg031,SP AP b ah t hh ih r z m ay n ah m b er SP,0.1802112 0.360416 0.058784 0.1516352 0.0197952 0.1093696 0.1614656 0.0291584 0.0500032 0.0710912 0.1591168 0.0776192 0.1515456 0.1 0.0197888 0.2802112 0.2406272
Call_Me_Maybe_seg032,SP AP s ow k ao l m iy m ey b iy AP SP,0.2406272 0.280192 0.1480384 0.1311424 0.1423296 0.1587072 0.0500096 0.0698496 0.1395392 0.118624 0.23232 0.0571392 0.2919168 0.3220288 0.138432
Call_Me_Maybe_seg033,SP ih t s hh aa t uw l uh k r ay t AP ae t y uw b ey b iy AP b ah t hh ih r z m ay n ah m er SP,0.138432 0.1801472 0.0593728 0.1 0.1593728 0.1406272 0.139584 0.0604352 0.056032 0.084352 0.1606464 0.0903936 0.6689856 0.0593664 0.4702784 0.1367296 0.1533952 0.0395968 0.0461248 0.1561216 0.767008 0.0693888 0.21136 0.3302016 0.0593728 0.1500032 0.0499968 0.0891968 0.114976 0.037504 0.0791744 0.06768 0.1521152 0.0601216 0.1605504 0.1095296 0.3499904 0.1791616
Call_Me_Maybe_seg034,SP AP s ow k ao l m iy m ey b iy SP,0.1791616 0.3208256 0.132672 0.1371328 0.1434752 0.1471552 0.0593664 0.077152 0.122848 0.1064064 0.238432 0.061216 0.233536 0.1157824
Call_Me_Maybe_seg036,SP hh ey SP,0.1068608 0.0697984 0.1802048 0.3499968
Call_Me_Maybe_seg037,SP hh ey SP,0.3499968 0.0706944 0.4095168 0.1173376
Call_Me_Maybe_seg038,SP ay jh ah s m eh t y uw SP,0.1173376 0.1920384 0.0848384 0.0464128 0.079168 0.0697984 0.1151616 0.2629376 0.052096 0.2652672 0.2149376
Call_Me_Maybe_seg040,SP ae n dh ih z s k r eh SP,0.2957696 0.1104128 0.1197952 0.0395776 0.1041792 0.0291584 0.1291648 0.131456 0.02688 0.1044224 0.0612224
Call_Me_Maybe_seg041,SP ey z iy SP,0.0612224 0.1398016 0.1023872 0.371328 0.1602944
Call_Me_Maybe_seg043,SP b ah t hh ih r z m ay n ah m b er SP,0.2246144 0.0395776 0.1312512 0.0291712 0.139584 0.1614592 0.0291584 0.0500096 0.0706816 0.1595136 0.0591872 0.1814528 0.0697856 0.0375424 0.4114176 0.3708416
Call_Me_Maybe_seg044,SP s ow k ao l m iy m ey b iy AP ae n SP,0.3708416 0.11808 0.1235712 0.1478656 0.1500544 0.060416 0.0663808 0.1336192 0.1232 0.2125824 0.0735872 0.2895872 0.5000064 0.181248 0.0593792 0.279872
Call_Me_Maybe_seg045,SP ao l dh iy ah dh er b oy z AP tr ay t uw SP,0.279872 0.180544 0.0565248 0.0309504 0.1218944 0.2604032 0.0592 0.0304 0.0895744 0.8708352 0.0895872 0.3104128 0.1363968 0.2042368 0.0682112 0.0609536 0.1500032
Call_Me_Maybe_seg046,SP ch ey s m iy AP b ah t hh ih r z m ay n ah m b er SP,0.1500032 0.0768 0.6544384 0.0698112 0.090048 0.208896 0.2802176 0.0595072 0.1404928 0.0395776 0.119936 0.14048 0.0291584 0.0500096 0.0762752 0.1643392 0.0513024 0.1997568 0.0791424 0.0319872 0.3180288 0.5802112
Call_Me_Maybe_seg047,SP s ow k ao l m iy m ey b iy SP,0.5802112 0.1174144 0.1112192 0.1911552 0.1604096 0.0593792 0.0601472 0.170048 0.1020672 0.258368 0.0395776 0.2395904 0.230208
Call_Me_Maybe_seg048,SP AP b ao y uw k ey m ih n t uw m ay l ay f ay m ih s t y uw s ow b ae d AP ay m ih s y uw s ow b ae AP ay m ih s y uw s ow s ow b ae d AP b oy y uw k ey m ih n SP,0.230208 0.4956288 0.0666624 0.2377088 0.0395776 0.1406208 0.149888 0.1897088 0.0697856 0.0802048 0.0697984 0.1406208 0.1197952 0.11104 0.2389504 0.0757888 0.1638144 0.1123712 0.17824 0.0712064 0.079808 0.1094016 0.0895744 0.0332416 0.077184 0.1953664 0.4140032 0.0825984 0.3764224 0.0421632 0.3555456 0.1734912 0.0741504 0.0862592 0.169792 0.0395776 0.0802304 0.1783296 0.4216576 0.0791552 0.3906432 0.3339392 0.1764736 0.0697856 0.0999936 0.1500032 0.0291712 0.090624 0.1894016 0.3699712 0.1560832 0.3904768 0.093888 0.1759616 0.0326528 0.3019648 0.0198016 0.2000128 0.079168 0.0999808 0.156672 0.2037504 0.061568 0.0884352 0.0999936 0.290624
Call_Me_Maybe_seg049,SP b oy y uw k ey m ih n dx uw m ay l ay f ay m ih s y uw s ow b ae d AP ae n y uw sh uh d n ow dh ae t SP,0.290624 0.0361344 0.2232448 0.1000064 0.119808 0.1338112 0.1766016 0.0832512 0.1073664 0.109376 0.109376 0.120832 0.1262976 0.2434944 0.0748672 0.16576 0.1090688 0.1700864 0.0825344 0.0684928 0.1895936 0.029184 0.0708096 0.1992704 0.4205312 0.1032832 0.4061056 0.019776 0.318336 0.1233408 0.0791552 0.059392 0.0906112 0.1500032 0.1197952 0.0395904 0.1399296 0.3704832 0.1460864 0.5341184 0.1291648 0.8074368
Call_Me_Maybe_seg050,SP ay m ih s y uw s ow s ow b ae d SP,0.8074368 0.1831936 0.0895872 0.1010304 0.1593856 0.0395776 0.0614528 0.1852928 0.343872 0.1994368 0.368704 0.1587584 0.4625536 0.0857216 0.2693888
Lucky_seg000,SP sh iy s ow l ah k iy SP,1.35 0.1197917 0.159375 0.1538265 0.2263818 0.05 0.1510418 0.1593748 0.386331 0.8345022
Lucky_seg001,SP sh iy z ax s t aa r b ah t sh iy SP,0.8345022 0.1593752 0.2 0.0791668 0.1020832 0.1791664 0.0791672 0.38125 0.1395828 0.0895836 0.1 0.1197916 0.1029972 0.1470028 0.1593748
Lucky_seg002,SP r ay SP,0.1593748 0.05 0.4 0.051042
Lucky_seg003,SP k r ay SP,0.051042 0.1197916 0.0395836 0.4197916 0.0406248
Lucky_seg004,SP k r ay SP,0.0406248 0.1197912 0.039584 0.2 0.3697912
Lucky_seg005,SP ih n hh er l ow n l iy hh aa r t AP th ih ng k ih ng SP,0.3697912 0.132292 0.0848 0.0933248 0.2104168 0.0895832 0.527084 0.0333328 0.0395832 0.4406248 0.1593752 0.2406248 0.069792 0.0395832 0.169792 0.1093328 0.1115 0.139584 0.0557192 0.1453216 0.0687504 0.0532728
Lucky_seg006,SP AP ih f dh eh r z n ah th ih ng SP,0.0532728 0.677212 0.1809752 0.0791648 0.039584 0.0812496 0.1 0.0791664 0.0833968 0.1605432 0.1326552 0.1931968 0.1093752 0.1147728
Lucky_seg008,SP m ih s ih ng ih n m ay l ay f SP,0.1338216 0.064136 0.1358632 0.1593752 0.219792 0.0441536 0.2058448 0.0500032 0.0761248 0.2842896 0.0791664 0.3104176 0.1 0.25
Lucky_seg009,SP b ah t SP,0.25 0.0482336 0.1622448 0.109312 0.2604176
Lucky_seg010,SP w ay SP,0.2604176 0.069792 0.6179632 0.0924528
Lucky_seg011,SP d uw dh iy z t ih r z SP,0.0924528 0.059376 0.8312496 0.0583328 0.3510432 0.1593744 0.0957904 0.5458752 0.1291664 0.1093744 0.1
Lucky_seg012,SP k ah m ae t n ay t SP,0.1 0.0564 0.2857136 0.32768 0.1302064 0.039584 0.17396 0.4270976 0.1387744 0.6603168
Pretty_Boy_seg000,SP ay l ay ax w ey k ae t SP,0.3877551 0.1320366 0.222045 0.6081633 0.2104167 0.1072704 0.3812713 0.2802084 0.3406248 0.0197916 0.2208336
Pretty_Boy_seg001,SP n ay t AP s iy th ih ng z ih n b l ae k ae n d w ay t SP,0.2208336 0.139583 2.1000002 0.2593752 0.6197912 0.2 0.1208336 0.2037416 0.2566752 0.2 0.1395832 0.1302088 0.1276136 0.0306128 0.0734696 0.2974704 0.2538904 0.2669424 0.139584 0.1 0.1197912 1.6906248 0.169792 0.120408
Pretty_Boy_seg002,SP AP ay v SP,0.120408 0.54898 0.0712368 0.079168 0.2063976
Pretty_Boy_seg003,SP ow n l iy g aa t y uw SP,0.2063976 0.1748528 0.0395816 0.0947496 0.1542088 0.146812 0.0833976 0.2611592 0.0591848 0.2692384 0.2906248
Pretty_Boy_seg004,SP ih n s ay d m ay m ay n SP,0.2906248 0.2843536 0.2354384 0.2308896 0.759736 0.1697904 0.0762544 0.2133296 0.1026576 0.3577584 0.069792 0.2
Pretty_Boy_seg005,SP AP y uw n ow y uw hh ae v m d AP m iy b l ay n d AP ay l ay ax w ey k ae n d AP p r ey SP,0.2 0.5 0.0593744 0.1406256 0.1268704 0.1122448 0.2202592 0.1906256 0.1187072 0.0708768 0.1 0.1747008 0.3105456 0.2553792 0.0891776 0.4806128 0.1459184 0.0622432 1.5116288 0.15 0.1 0.616264 0.1639456 0.1455776 0.6544224 0.260416 0.1035296 0.4954288 0.1845024 0.2967488 0.139584 0.0197904 0.060416 0.1593744 0.1132032 1.1065904 0.5395824
Pretty_Boy_seg006,SP AP dh ae t y uw w uh l uh k SP,0.5395824 0.5812512 0.1082896 0.1510832 0.1734064 0.0632672 0.413328 0.1093728 0.2302112 0.0697888 0.2906272 0.1298688 0.2097152
Pretty_Boy_seg007,SP m ay SP,0.2097152 0.0197888 0.4 0.2302112
Pretty_Boy_seg008,SP w ey SP,0.2302112 0.0283808 1.40408 0.3081632
Pretty_Boy_seg009,SP AP ay hh ae v SP,0.3081632 0.6054432 0.215392 0.138688 0.1311008 0.06856 0.113264
Pretty_Boy_seg010,SP ao l dh ih s l ao ng ih ng SP,0.113264 0.168176 0.039584 0.1027872 0.1274208 0.1593728 0.0669472 0.4736832 0.1895808 0.2469376 0.1680288 0.2523808
Pretty_Boy_seg011,SP ih n m ay hh aa r t SP,0.2523808 0.493072 0.3197888 0.1759104 0.2636736 0.1 0.220832 0.179168 0.039584 0.3802048
Pretty_Boy_seg012,SP AP ay n uw ih t SP,0.3802048 0.7583808 0.1571392 0.1721088 0.359184 0.1740256 0.0791616 0.3406272
Pretty_Boy_seg013,SP r ay t f r ah m dh ah s t aa r t AP ow SP,0.3406272 0.039584 0.40104 0.059376 0.139584 0.028848 0.2117792 0.0593728 0.0346272 0.0351616 0.15 0.1093984 1.3124768 0.059376 0.079168 0.5895808 0.1444256 0.0945632
Pretty_Boy_seg014,SP ow m ay SP,0.0945632 0.3110112 0.1675584 0.4324416 0.1406272
Pretty_Boy_seg015,SP p r ih dx iy SP,0.1406272 0.0796544 0.0258528 0.2434528 0.0238944 0.1469376 0.140624
Pretty_Boy_seg016,SP p r ih dx iy b oy SP,0.140624 0.059376 0.0265312 0.2234688 0.0632672 0.2024896 0.1427488 0.2206624 0.201216
Pretty_Boy_seg017,SP ay l ah v y uw AP l ay k y AP n eh v er SP,0.201216 0.5800352 0.1061344 0.3823136 0.2054432 0.1718784 0.2029792 0.290624 0.05 0.515808 0.1900192 0.4441728 0.559376 0.072192 0.2288512 0.089968 0.1391968 0.2
Pretty_Boy_seg018,SP eh v er l ah v n ow w aa n SP,0.2 0.240624 0.0895712 0.1708416 0.1493376 0.1469408 0.0965952 0.0707488 0.6051328 0.1 0.1556384 0.0902528 0.3863904
Pretty_Boy_seg019,SP b ih f ao r y uw AP p r ih dx iy SP,0.3863904 0.0249408 0.4031904 0.2045248 0.4761888 0.1215456 0.1020416 0.3759104 0.620832 0.0685568 0.0489856 0.2418304 0.0284608 0.0913344 0.1802112
Pretty_Boy_seg020,SP p r ih dx iy b oy ah v m ay n SP,0.1802112 0.0513536 0.034016 0.2344192 0.0197888 0.2 0.1072448 0.2927552 0.3802112 0.2426816 0.1233536 0.7235456 0.0697984 2.0406208
Pretty_Boy_seg021,SP jh ah s t eh l m iy y uw l ah v m iy t uw SP,2.0406208 0.1225024 0.0587456 0.139584 0.1454272 0.1047616 0.1196096 0.1067008 0.2122368 0.090432 0.0887104 0.1809536 0.1803328 0.109376 0.0699264 0.1404928 0.1878528 1.72256 0.7
Pretty_Boy_seg022,SP AP ow m ay SP,0.7 0.848192 0.5507712 0.1168 0.404032 0.120832
Pretty_Boy_seg023,SP p r ih dx iy p r ih dx iy b oy ay n ih d y uw SP,0.120832 0.0895808 0.0291712 0.260416 0.0311168 0.158464 0.1798592 0.03056 0.2492608 0.025856 0.1644672 0.1520768 0.3356032 0.5623168 0.064896 0.3069696 0.3187648 0.0314048 0.527968 0.2197888
Pretty_Boy_seg024,SP ow m ay AP p r ih dx iy p r ih dx iy b oy ay d uw SP,0.2197888 0.613696 0.1043008 0.4424256 0.581248 0.079168 0.0291584 0.2510464 0.040544 0.1584128 0.1867072 0.0353792 0.2022656 0.034016 0.1520448 0.1749376 0.3437632 0.5708864 0.11664 0.7239872 0.1
Pretty_Boy_seg025,SP AP l eh t m iy ih n s ay d SP,0.1 0.6010432 0.0906176 0.088544 0.1708416 0.0961728 0.2121536 0.1114624 0.1197952 0.284928 0.8046464 0.079168 0.120832
Pretty_Boy_seg026,SP AP m ey k m iy s t ey SP,0.120832 0.5302144 0.1354368 0.2589504 0.2951936 0.0558336 0.081632 0.2833728 0.1184384 0.7805184 0.2395776
Pretty_Boy_seg027,SP AP r ay t b ih s ay d y uw SP,0.2395776 0.7010432 0.1028928 0.3854912 0.2314048 0.0865216 0.0530496 0.3283456 0.5018752 0.2291904 0.111104 1.6367488 4.703168
Pretty_Boy_seg028,SP AP ay y uw SP,4.703168 0.56576 0.2238272 0.1395776 0.1145984 0.144224
Pretty_Boy_seg029,SP uw z t uw r ay t y ao r n ey m SP,0.144224 0.1006784 0.1415424 0.1319168 0.2482944 0.0977472 0.3918336 0.218592 0.0407808 0.3114624 0.0799552 0.2163328 1.2113344 0.0715456 0.3197888
Pretty_Boy_seg030,SP AP ax n d p uh t ih dx ih n ax f r ey m SP,0.3197888 0.7895808 0.0558208 0.0952256 0.0395776 0.1363904 0.5438144 0.0666304 0.2779968 0.0666688 0.3386944 0.2690048 0.3799552 0.2413632 0.0734656 1.2036416 0.1287936 0.1933824
Pretty_Boy_seg031,SP AP ae n d s ah m t ay m z ay th ih ng k ay hh iy y uw k ao r SP,0.1933824 0.7118336 0.0287808 0.1 0.0291776 0.1649408 0.0843584 0.1111104 0.120192 0.179808 0.0500096 0.0840064 0.1066112 0.2448576 0.2447232 0.179168 0.2232832 0.4371328 0.1946176 1.04496 0.0620608 0.1077312 0.251456 0.3589696 0.1499968 0.3895808
Pretty_Boy_seg032,SP AP r ay t f r ah m ay b eh dr uw m SP,0.3895808 0.4604224 0.0600704 0.1211712 0.059392 0.1564032 0.0403584 0.1696192 0.1265216 0.2268736 0.0969472 0.4030464 0.3121344 0.2691264 0.0741952 0.0680256
Pretty_Boy_seg033,SP ih SP,0.1429504 0.04768 0.4499968
Pretty_Boy_seg034,SP t uw m ey k y uw s m ay l AP t uw r iy ch aw f ao r y uw SP,0.4499968 0.1197952 0.0406272 0.2008448 0.4387456 0.2701056 0.1346944 0.236864 0.1593728 0.0980864 0.56128 0.1593728 0.5000064 0.1027072 0.1577088 0.0785536 0.1016576 0.2307712 0.1494272 0.2034176 0.1361536 0.0594048 0.0924288 0.3481856 0.3701888
Pretty_Boy_seg035,SP ih n t ay m AP ow m ay SP,0.3701888 0.2996096 0.249984 0.1252352 1.1247744 0.0395776 0.61568 0.5353728 0.1272192 0.4321536 0.1406208
Pretty_Boy_seg036,SP p r ih dx iy p r iy dx iy b oy SP,0.1406208 0.0697856 0.0440704 0.2559232 0.0411136 0.1078528 0.2300288 0.0303872 0.2494208 0.0204032 0.190592 0.15136 0.2684416 0.091648
Pretty_Boy_seg037,SP ay l ah v y uw l ay k ay AP n eh v er SP,0.091648 0.5885568 0.0822016 0.357376 0.2198144 0.1869824 0.3327872 0.2459008 0.4534912 0.1918464 0.5191808 0.5698048 0.0675072 0.2429056 0.0758912 0.1741056 0.1533056
Pretty_Boy_seg038,SP eh v er l ah v n ow w ah n SP,0.1533056 0.2268928 0.072448 0.2369408 0.1195392 0.1606528 0.0697984 0.1197952 0.581248 0.0331264 0.376256 0.0697728 0.2302208
Pretty_Boy_seg039,SP b iy f ao r y uw AP p r ih dx iy p r iy dx iy b oy ah v m ay n AP jh ah s t eh l m iy y uw l ah v m iy t uw SP,0.2302208 0.0235136 0.446272 0.2630272 0.5171968 0.0895744 0.1161216 0.5745024 0.680192 0.0564224 0.0340224 0.2190464 0.0448896 0.0852224 0.2140928 0.0452736 0.2208384 0.0305024 0.2362752 0.1151872 0.2972032 0.4802048 0.1000192 0.1697408 0.88128 0.0895872 0.460416 0.103424 0.0372096 0.1593728 0.1485184 0.152512 0.0791552 0.0971392 0.1963648 0.09504 0.15104 0.1244672 0.20576 0.109376 0.059456 0.16032 0.1403648 1.4200576 1.539584
Pretty_Boy_seg040,SP AP ow m ay p r ih dx iy p r ih dx iy b oy ay n iy d y uw SP,1.539584 0.780224 0.5093632 0.1185664 0.3720704 0.232 0.0273664 0.2604032 0.0198016 0.1197824 0.2259456 0.0596096 0.2258944 0.0291968 0.1801984 0.1588352 0.3005568 0.58016 0.0693888 0.3702272 0.3010304 0.029184 0.4697728 0.1826176
Pretty_Boy_seg041,SP ow m ay AP p r ih dx iy p r ih dx iy SP,0.1826176 0.5684224 0.1427072 0.3666688 0.7208448 0.0648576 0.0445184 0.2244224 0.0489856 0.126592 0.1854208 0.037184 0.198208 0.0430592 0.166336 0.1774336
Pretty_Boy_seg042,SP oy SP,0.1774336 0.242368 0.1549184
Pretty_Boy_seg043,SP ay d uw SP,0.1549184 0.5648512 0.1154048 0.6845952 0.2604288
Pretty_Boy_seg044,SP AP l ih t m iy ih n s ay d SP,0.2604288 0.5593856 0.1083008 0.0807296 0.1817856 0.0975744 0.211776 0.1115008 0.1197824 0.21408 0.83488 0.109376 0.1708288
Pretty_Boy_seg045,SP AP m ey k m iy s t ey SP,0.1708288 0.3895808 0.1520256 0.2657664 0.1374208 0.1972608 0.104768 0.1833728 0.1014272 0.9277568 0.0822272
Pretty_Boy_seg046,SP AP r ay t SP,0.0822272 0.6781952 0.0755328 0.484864 0.0593792 0.1208448
Pretty_Boy_seg047,SP b ih s ay d y uw SP,0.1208448 0.0687104 0.08128 0.2996992 0.51072 0.2107904 0.0957056 2.2358272 0.2092032
Stop_Stop_Stop_seg000,SP n ow ay d ih d ax n tr ah s t hh ih m b ah t hh iy r ah sh t m iy t uw f ih r AP tr ay t uw m ae z m ax r ay z m iy ae n w aa s ao l s eh k s ax p ih l AP SP,0.1395833 0.0849065 0.2046769 0.25 0.0596088 0.1810161 0.0620678 0.0785573 0.109375 0.109375 0.0708333 0.1 0.0656462 0.0095238 0.0758719 0.1291665 0.0395832 0.0802084 0.059375 0.1110332 0.1487528 0.1006306 0.115696 0.1645124 0.059375 0.1956138 0.1043862 0.1777 0.0629252 0.1593748 0.4697918 0.2 0.4510416 0.1395832 0.0895836 0.1682896 0.0921268 0.1 0.08125 0.1093748 0.0952524 0.1443312 0.1441044 0.1079364 0.088584 0.0905544 0.328196 0.0406248 0.1 0.0593752 0.1010412 0.1857284 0.1934384 0.1406256 0.1629888 0.0568024 0.1 0.1093752 0.1010416 0.143892 0.4259 0.1593744 0.5584888 2.12172
Stop_Stop_Stop_seg001,SP AP t ow l d m iy eh v r iy th ih ng dh ae t ay w aa z l ao ng ih n t uw hh iy SP,2.12172 0.460416 0.1167296 0.0467112 0.0231312 0.0893416 0.1047632 0.2391152 0.1264168 0.073584 0.0348072 0.134984 0.1253328 0.1059184 0.1197896 0.0386904 0.190476 0.029168 0.2208328 0.05 0.080208 0.1093744 0.1135936 0.2864064 0.139584 0.1208336 0.1000016 0.0992048 0.16644 0.0541456 0.3 0.1292992
Stop_Stop_Stop_seg002,SP AP sh ay n iy ae n d hh ae n s ax m m ay AP s uw v ax n ih r SP,0.1292992 0.4300752 0.25 0.3906256 0.0697904 0.2104176 0.1208336 0.051616 0.0473408 0.1689824 0.2414368 0.1197904 0.1748304 0.0647536 0.1715264 0.218056 0.1592688 0.1219808 0.2666816 0.153112 0.0867968 0.1736192 0.091688 0.508312 0.1093744 0.589584
Stop_Stop_Stop_seg003,SP AP ae n dh eh n ao l ax v s ah dx ax n ay hh ae v f aa l ax n ih n l ah v SP,0.589584 0.7487376 0.2116784 0.0422912 0.0231296 0.1345792 0.089584 0.1906256 0.054144 0.066688 0.079168 0.1716 0.179144 0.0272096 0.1918368 0.086168 0.2044576 0.0593744 0.1010416 0.0593744 0.1417376 0.2582624 0.0593744 0.2211392 0.0285728 0.200288 0.0949472 0.2335616 0.4214944 0.1395808 0.0802096
Stop_Stop_Stop_seg005,SP hh iy w uh d p uh t m iy d aw n ay d s SP,0.5968256 0.0294784 0.179896 0.0577456 0.0630896 0.0493824 0.109992 0.0673312 0.0784576 0.1129264 0.1923264 0.037152 0.2128496 0.0593728 0.1627008 0.0977184 0.1093728 0.0772608
Stop_Stop_Stop_seg006,SP ih l AP p l ey s hh ih m ax b ah v AP SP,0.0772608 0.1123232 0.0697888 0.1566624 0.1414976 0.0448992 0.307984 0.111968 0.0149696 0.1532704 0.0920768 0.2079264 0.0895808 0.521088 0.118496 0.3123456 0.1772352
Stop_Stop_Stop_seg007,SP AP t ay er d ax v s er ch ih ng f ao r dh ax l ah v dh ae t s t ih l ih v s ih n hh ih m SP,0.1772352 0.3604192 0.0918208 0.0888896 0.0994976 0.0410912 0.0682816 0.05 0.1597248 0.1024928 0.1586144 0.0500032 0.0895808 0.1308256 0.1504288 0.029168 0.0448928 0.181408 0.0802688 0.0840512 0.0593792 0.0692704 0.0807264 0.089584 0.1 0.0847936 0.2761888 0.2707488 0.1193056 0.0697984 0.095248 0.0943328 0.079168 0.1 0.211456 0.179168 0.25
Stop_Stop_Stop_seg008,SP AP g ih v ih ng m ay eh v r iy th ih ng l ay k s uw v ax n ih r SP,0.25 0.4499968 0.081232 0.1718816 0.069392 0.1681248 0.1098784 0.1782304 0.360848 0.1080832 0.09296 0.0417376 0.1280544 0.1250048 0.185408 0.179168 0.109376 0.1604128 0.15 0.2697952 0.119792 0.10768 0.1829408 0.0755616 1.9546496 0.329168 1.6
Stop_Stop_Stop_seg009,SP AP g ih v ax n ah p m ay hh aa r t ih n dh ax n ey m ax v ax m eh m r iy SP,1.6 0.661456 0.0873792 0.2011648 0.0586976 0.1131776 0.1221984 0.0871776 0.1093696 0.0696672 0.180336 0.0736352 0.216992 0.0791616 0.1773152 0.073728 0.1339744 0.024496 0.0706944 0.1687616 0.2010304 0.0769728 0.1636576 0.1098112 0.0752832 0.1741472 0.1795936 0.1507424 0.0678496 0.3519424 0.1395872
Stop_Stop_Stop_seg010,SP AP f ao l ax n d aw n l ay k r ey n hh iy k uh d f iy l eh v r iy dr aa p AP n aw ay n ow ay hh ae v SP,0.1395872 0.480208 0.119792 0.1812512 0.0850464 0.0639136 0.1499968 0.0355232 0.1957216 0.029168 0.0463104 0.1536896 0.0635424 0.0760448 0.3702176 0.0506144 0.0781824 0.105216 0.1278912 0.04912 0.0791808 0.1134208 0.1667776 0.1198016 0.1533312 0.1070304 0.0272064 0.1228416 0.179168 0.946064 0.0841472 0.4802016 0.0664928 0.2335104 0.2406208 0.0714432 0.2077248 0.22312 0.087072 0.2502304 0.0999968 0.0475072
Stop_Stop_Stop_seg011,SP hh ae v dh ax k er ih jh t uw t eh l hh ih m SP,0.0475072 0.085712 0.1074112 0.0789856 0.0480736 0.051696 0.1868544 0.2113344 0.0636768 0.1895808 0.0891456 0.0952448 0.1442048 0.2401536 0.1395904 0.1526912 0.1681408 0.0395776 0.1051968
Stop_Stop_Stop_seg012,SP AP t eh l hh ih m t uw s t aa p SP,0.1051968 0.4156416 0.0950208 0.164352 0.0914368 0.0408128 0.0979584 0.139584 0.0599616 0.2108736 0.2197888 0.069792 0.1671232 0.2217664 0.0611072
Stop_Stop_Stop_seg013,SP AP s t aa p s t aa p AP g ih v ax n ah p m ay hh aa r t SP,0.0611072 0.2500032 0.1500032 0.1112256 0.4326528 0.1165376 0.139584 0.0935296 0.91584 0.1254336 0.3058176 0.0593728 0.2406272 0.0454336 0.1837376 0.0684096 0.101376 0.1 0.077536 0.1809536 0.0810944 0.1812544 0.1291648 0.0895808 0.0549632
Stop_Stop_Stop_seg014,SP ih n dh ax n ey m ax v ax m eh m r iy AP f ao l ax n d aw n l ay k r ey n hh iy k uh d t ay s t eh v r iy dr aa b AP n aw ay n ow ay hh ae v SP,0.0549632 0.0752512 0.1587584 0.0222208 0.078912 0.1782336 0.19312 0.0808064 0.1587776 0.1015424 0.1380416 0.1 0.2802112 0.1865024 0.0449024 0.2279616 0.5406336 0.1093696 0.190624 0.1000064 0.060416 0.139584 0.0395776 0.1918272 0.0279616 0.0867776 0.1434368 0.128672 0.0411264 0.3708224 0.069792 0.0874176 0.123008 0.0942272 0.0453504 0.0716672 0.1481216 0.1197888 0.093984 0.0634944 0.1614528 0.0340096 0.0503424 0.1269312 0.2127488 0.8829888 0.1360576 0.4682048 0.0732928 0.2267072 0.2197952 0.0777536 0.1826624 0.2472768 0.0829888 0.2301504 0.0723456 0.039008
Stop_Stop_Stop_seg015,SP hh ae v dh ah k ah r ih jh t uw t eh l hh ih m AP t eh l hh ih m t uw s t aa p AP s t aa p s d aa p SP,0.039008 0.0979584 0.0917312 0.0791616 0.0776256 0.071328 0.1697984 0.1 0.1654528 0.0366336 0.1593728 0.0824448 0.1269312 0.0998464 0.2699392 0.109376 0.2002688 0.15328 0.1162432 0.4220736 0.083456 0.1350976 0.0593728 0.0499968 0.121888 0.1395776 0.0709248 0.218656 0.1500032 0.126592 0.1433088 0.2789056 0.3220032 0.1198144 0.0874368 0.471936 0.1 0.1093696 0.0769792 1.379136 0.2335552 0.1603328
Stop_Stop_Stop_seg016,SP AP ay v b ih k ah m ih n v ih z ax b ax l m eh l t ax w ey ae t n ay t AP SP,0.1603328 0.6247104 0.1054976 0.0645632 0.0947904 0.1010688 0.129312 0.161312 0.0840384 0.1795968 0.0551104 0.0328704 0.1750592 0.0961472 0.1563456 0.096704 0.1439232 0.0593664 0.0756288 0.1455744 0.0485888 0.2162688 0.2031744 0.0761792 0.209536 0.11568 0.1093696 0.0946752 0.585536 0.1197888 0.5197952 0.3812288
Stop_Stop_Stop_seg017,SP dr iy m ih ng w ah n s ow k ah l er f ax l b ih SP,0.3812288 0.1355968 0.1540096 0.0736512 0.10656 0.0697856 0.079168 0.0814592 0.0695872 0.1422016 0.127584 0.1191232 0.200672 0.039584 0.1316288 0.1469376 0.1016384 0.0500032 0.091456 0.0981248 0.169792
Stop_Stop_Stop_seg018,SP ah z b l ae k ae n d w ay t AP l ah v ih ng w aa s ow sh w ah n d er f ax l ih s n ow l ao ng er hh ih r AP s ow ay l k iy p dh ih s f iy l ih ng l ay k ax s uw v ax n ih r SP,0.169792 0.3010432 0.0500032 0.104384 0.0247744 0.1500032 0.1086656 0.1121664 0.0593728 0.039584 0.0673408 0.5722432 0.1 0.5104192 0.0499968 0.1909184 0.0557824 0.1543488 0.0593664 0.0624832 0.117728 0.193824 0.2317504 0.0430848 0.210432 0.1302784 0.0855936 0.0235776 0.0988736 0.1863936 0.1368192 0.0791616 0.120064 0.1403584 0.0927616 0.416608 0.0895872 0.1802048 0.087296 0.1929152 0.11728 0.2629312 0.139584 0.4010368 0.125248 0.1737088 0.2467008 0.1637184 0.1650816 0.1349184 0.069792 0.0655808 0.0469184 0.1083328 0.0878272 0.3517568 0.1197952 0.3197888 0.1 0.1254464 0.1151744 0.135168 0.0346304 0.2574272 0.1142912 0.1142784 0.1696192 0.084352 1.3600128 0.2791808 0.1906304
Stop_Stop_Stop_seg019,SP AP g ih v ax n ah p m ay hh aa r t ih n dh ax n ax m ah v ax m eh m r iy AP f ao l ax n d aw n l ay k r ay n hh iy k uh d f iy l eh v r iy tr ao p AP n aw ay n ow ay hh ae v SP,0.1906304 0.5802048 0.069792 0.2 0.0684864 0.1117312 0.1281728 0.0811968 0.1 0.0832 0.160544 0.0760448 0.1765632 0.1036416 0.2206208 0.1095872 0.1099136 0.0258496 0.0897984 0.1347072 0.1897344 0.0741888 0.1674816 0.1005504 0.1077952 0.1235008 0.249888 0.2530624 0.0535232 0.2700096 0.4 0.1290752 0.2204032 0.0598592 0.0406592 0.1500096 0.0578624 0.1741568 0.0371904 0.0770752 0.1074944 0.1264256 0.067232 0.3147328 0.0875328 0.1247104 0.122912 0.0993152 0.0731456 0.0697856 0.1155776 0.1854656 0.0675968 0.2049792 0.0653184 0.034464 0.1276416 0.14896 0.7708352 0.10992 0.4598592 0.0498944 0.2397056 0.2104128 0.075968 0.2136192 0.2389824 0.0993216 0.2825216 0.039584 0.0802112
Stop_Stop_Stop_seg020,SP hh ae v dh ax k ah r ih jh t uw t eh l hh ih m AP t eh l hh ih m t uw s t aa p SP,0.0802112 0.0829504 0.0972544 0.0791744 0.067104 0.0724736 0.1488512 0.1546496 0.0707456 0.0768 0.1593728 0.0781056 0.0988672 0.1496576 0.2233728 0.0895744 0.2348928 0.1463552 0.1291776 0.3406208 0.117632 0.142784 0.0581376 0.0462464 0.065408 0.1395712 0.0766592 0.1535616 0.1791616 0.1112576 0.1887488 0.2361984 0.1006976
Stop_Stop_Stop_seg021,SP AP s t aa p s t aa p AP g ih v ax n ah p m ay hh aa r t ih n dh ah n ey m ax v ax m eh m er iy AP f ao l ax n d aw n l ay k r ey n hh iy k uh d f iy l eh v r iy dr ao p SP,0.1006976 0.3141376 0.1395968 0.0836736 0.5011328 0.1058176 0.1291648 0.0824704 0.7477376 0.1302656 0.3895296 0.059456 0.2207488 0.0617856 0.1684224 0.1064064 0.0831872 0.0697728 0.1082624 0.1913856 0.070144 0.2197888 0.0500096 0.2129024 0.1172992 0.1000064 0.0294016 0.0914304 0.1389568 0.2006272 0.0732928 0.1673344 0.0920704 0.1381376 0.1135744 0.2340096 0.242624 0.0725632 0.2361856 0.4708352 0.1356032 0.2081664 0.0702976 0.068928 0.135744 0.058368 0.1822592 0.0281728 0.0761984 0.1560576 0.1395712 0.0200192 0.3810304 0.079168 0.0508928 0.1293184 0.094272 0.0953088 0.0593664 0.107456 0.1435904 0.1197952 0.1499904 0.1059072 0.0249344 0.1033984 0.146944 0.7074816 0.1868544 0.0536448
Stop_Stop_Stop_seg022,SP AP n aw ay n ow ay hh ae v SP,0.0536448 0.3812608 0.050816 0.2481408 0.2208384 0.07296 0.225984 0.210432 0.0687872 0.2416256 0.0593664 0.1406464
Stop_Stop_Stop_seg023,SP hh ae v dh ax k ah r ih jh t uw t eh l hh ih m AP t eh l hh iy m t uw s t aa p SP,0.1406464 0.0613248 0.1292928 0.0707072 0.0612224 0.0868224 0.1467392 0.2136704 0.0475392 0.0299392 0.1923072 0.0961408 0.0770816 0.147392 0.2606464 0.1093632 0.1225216 0.2076928 0.109376 0.5302016 0.1178112 0.1321856 0.1167872 0.0399104 0.1141504 0.129152 0.0723456 0.2589056 0.15936 0.0905728 0.2188288 0.1730048 0.096768
Stop_Stop_Stop_seg024,SP AP s t aa p s t aa p AP s t aa p AP s t aa p s t aa p AP s t aa p SP,0.096768 0.2604288 0.1791744 0.1139712 0.4548736 0.112384 0.1593984 0.0497664 2.2502272 0.2577024 0.30272 0.1197696 0.0872704 0.2126976 0.3306112 0.2486016 0.1000192 0.1053312 0.4758784 0.1000192 0.109376 0.0861696 1.8940288 0.180352 0.4706944 0.1291776 0.120768 0.165504 0.2824704 0.260416
Stop_Stop_Stop_seg025,SP s t aa p s t aa p SP,0.260416 0.139584 0.11936 0.4327424 0.0895616 0.1291776 0.1258368 2.3483136 0.3101824 0.341504
